id,name,soupFace,soupBase,fewShots,clues,difficulty,sourceID
9848e513,生日蛋糕,一个人过生日，邀请他所有的好朋友来参加。吹完蜡烛的时候，这个人把他所有的好朋友都杀了。,这个男人是一名退伍军人，曾在战场上为了救这些朋友而失去了双腿。朋友们为了感谢他，承诺每年生日都为他准备一个蛋糕，但从未兑现。今年生日，朋友们终于带来了蛋糕，但男人发现蛋糕上插着假蜡烛（因为他曾告诉他们自己讨厌假蜡烛）。他意识到这些朋友从未真正关心过他，于是愤怒地杀了他们。,问题1: 这个男人有残疾吗？: 是的; 问题2: 这个残疾与朋友们有关吗？: 是的; 问题3: 朋友们之前承诺过什么重要的事情吗？: 是的; 问题4: 蛋糕有什么问题吗？: 是的; 问题5: 假蜡烛是导火索吗？: 是的,线索1：男人行动不便; 线索2：朋友们曾受过他的恩惠; 线索3：之前生日从未有过蛋糕; 线索4：男人对某些细节特别在意; 线索5：蛋糕上有让人愤怒的元素; 线索6：朋友们的行为带有施舍意味; 线索7：假蜡烛象征着敷衍; 线索8：男人的残疾是因朋友而起; 线索9：多年的承诺未被履行; 线索10：最后的蛋糕成为压垮骆驼的稻草,2,4f9df0ee
0c2b2020,生日蛋糕,一位退伍老兵邀请战友们参加生日派对。当他切开蛋糕后，突然拔枪射杀了所有战友。,这些战友曾在战场上抛下他独自逃跑，导致他被俘并失去双腿。战友们为掩饰真相，多年来一直欺骗他说是敌方狙击手所为。直到切蛋糕时，伪装成蛋糕支架的义肢突然松动，露出战俘营时期的特殊标记，老兵才明白真相。,生日派对是在室内举行的吗？:是; 蛋糕本身有问题吗？:不是; 老兵身体有残疾吗？:是; 战友们知道老兵会发难吗？:不知道; 蛋糕支架是特殊物品吗？:是,"老兵使用的是轮椅; 蛋糕支架看起来过于复杂; 战友们表情在切蛋糕时突然变得紧张; 派对的装饰带有军队元素; 蛋糕上写着""纪念我们一起走过的日子""; 老兵切蛋糕的手在发抖; 有人试图阻止老兵切蛋糕; 蛋糕支架发出奇怪的金属声; 墙上挂着当年的集体照; 音乐突然在切蛋糕时停止",2,4f9df0ee
e5f56dbc,黑色生日宴,一位富豪举办生日宴会，邀请了他所有商业伙伴。当宴会达到高潮时，他突然拔枪射杀了在场所有人。,富豪年轻时曾和这些商业伙伴一起创业，某次资金链断裂时，其他人都声称各自变卖了家产填补亏空，实际上却偷偷保留了财产，只有富豪一人真正变卖了所有家当。多年后富豪在生日宴会上故意展示当年他们签的假合同，发现只有自己的签名是血指印(因为当时他连笔都卖掉了)，意识到当年的欺骗后复仇杀人。,死者都是他的老朋友吗？:是; 他们曾经一起经历过困境吗？:是; 杀人动机与金钱有关吗？:是; 富豪展示过什么关键证据吗？:是; 其他人当年真的变卖家产了吗？:不是,宴会现场布置着怀旧风格的装饰; 富豪在杀人前展示了一份泛黄的合同; 所有死者看到合同时表情惊恐; 合同上其他人的签名都很工整; 唯独富豪的签名是红色指印; 侍者回忆富豪曾抚摸那个指印很久; 凶器是一把古董左轮手枪; 现场播放着他们创业时期的音乐; 富豪在杀人时提到二十年前的事; 法医发现死者钱包里都有同家银行的VIP卡,3,4f9df0ee
39afacc0,沉默生日会,一位聋哑人举办生日聚会，邀请了他所有的好友前来参加。在吹灭蜡烛后，他突然用刀刺死了所有在场的朋友。,这位聋哑人和朋友们曾经一起被困在一个没有光线的地下室里，大家约定用敲击墙壁的频率来联络求救。朋友们却背着他偷偷获救并装作仍在被困中。生日会上朋友们按照约定节奏鼓掌庆贺时，聋哑人发现他们竟然都记得这个频率，意识到当初被欺骗，愤怒之下杀死了他们。,提问：主角是先天聋哑人吗？回答：是; 提问：朋友们曾经一起经历过危险吗？回答：是; 提问：生日会上有出现特殊信号吗？回答：是; 提问：朋友们是否做过对不起主角的事？回答：是; 提问：杀人行为是否与声音有关？回答：不是,主角完全失去听力和语言能力; 朋友们都精通手语; 地下室事件发生在一年前; 获救时所有人都声称是靠运气; 生日蛋糕上有特殊的震动蜡烛; 朋友们按照特定节奏鼓掌; 主角随身带着刻有摩斯密码的怀表; 地下室的墙壁有大量敲击痕迹; 主角在杀人前一直在观察朋友们的动作; 法医发现所有死者手掌都有老茧,3,4f9df0ee
a474d14e,生日复仇,一个人过生日，邀请他所有的好朋友来参加。吹完蜡烛的时候，这个人把他所有的好朋友都杀了。,男主的妻子和朋友曾一起被困在电梯里，为了活下来，朋友们提议每人割下一块肉来吃，但最终只割了男主的肉。之后男主邀请朋友们来参加自己的生日聚会，吹完蜡烛后所有人都吃了蛋糕，男主发现蛋糕里掺了自己的肉，愤怒之下杀了所有的朋友。,问题1: 男主和他的朋友曾经发生过什么不愉快的事情吗？回答1: 是的; 问题2: 男主的朋友们曾经伤害过男主吗？回答2: 是的; 问题3: 蛋糕里有什么特别的东西吗？回答3: 是的; 问题4: 男主在生日聚会上发现了什么？回答4: 朋友们欺骗了他; 问题5: 男主是出于愤怒杀人吗？回答5: 是的,线索1: 男主曾和朋友们一起被困在电梯里; 线索2: 朋友们提议每人割下一块肉来吃; 线索3: 最终只有男主割了肉; 线索4: 朋友们欺骗了男主; 线索5: 男主在生日聚会上准备了蛋糕; 线索6: 蛋糕里掺了男主的肉; 线索7: 男主发现了朋友的欺骗行为; 线索8: 男主感到极度的愤怒; 线索9: 男主杀人是为了报复; 线索10: 男主的行为是出于长期积累的怨恨,3,4f9df0ee
70435145,阳台上的男人,自从那场火灾后，邻居老王就总是站在阳台上发呆。有一天深夜，我听到他家中传来撕心裂肺的哭声。我担心出事就报了警，当警察破门而入时，所有人都被眼前的景象惊呆了。,老王是个单身父亲，他深爱的妻子在一场他精心策划的火灾中丧生。他原本想带着儿子开始新生活，但儿子在火灾中严重毁容。为了不让儿子遭受世人异样的眼光，老王把儿子锁在家里。直到那天晚上，他终于崩溃地发现儿子自杀了，而自己这么多年来一直对着一个早已死去的尸体说话。,老王之前有妻子吗？:是的，妻子已经去世; 火灾是意外吗？:不是; 老王的孩子还活着吗？:不是; 阳台能看到什么特殊的东西吗？:能看到当年火灾的废墟; 警察看到了什么？:看到一具已经腐烂的尸体,老王经常对着空气自言自语; 附近的居民总能闻到一股奇怪的臭味; 老王从不让人进他的卧室; 火灾后就没人见过老王的儿子; 老王的购物清单里总有双人份的食物; 有人听到过老王家里传出对话声; 老王的卧室窗帘永远拉得严严实实; 社区工作人员多次上门都被拒绝进入; 火灾保险理赔金额异常高; 老王的前妻曾购买过高额人身保险,3,c2759d22
591fbedc,病房黑影,医院的深夜病房里总是传来敲击声。值班护士小张连续三天看到同一个黑影站在3号病床前。第四天她终于鼓起勇气上前查看，却在看清的瞬间瘫坐在地。,3号病床是植物人李教授，他女儿为了遗产长期注射镇静剂阻止他苏醒。黑影是李教授的孪生弟弟，他每晚来病房用摩斯密码敲击试图唤醒哥哥。第四天护士看到的是已经苏醒的李教授正用扭曲的姿势敲击着弟弟留下的密码本——上面记录着女儿下毒的证据。,问题1:病床上的患者是活人吗？:是; 问题2:黑影是否具有实体？:是; 问题3:敲击声是否有特殊含义？:是; 问题4:女儿是否知道黑影的存在？:不是; 问题5:患者苏醒与黑影有关吗？:是,"夜间巡逻表显示黑影出现时间精确到分钟; 3号病床心电图在黑影出现时有异常波动; 病房窗台发现不属于医护人员的指痕; 护士曾闻到淡淡的雪茄味（李教授弟弟的特征）; 密码本扉页写着""哥，还记得夏令营的萤火虫吗""; 镇静剂用量记录存在涂改痕迹; 监控显示女儿每次探望后患者体征会恶化; 病床扶手有规律性磨损痕迹; 护士听见黑影发出过哽咽声; 抽屉里发现被撕碎的财产公证文件",3,c2759d22
d8270e60,实验日记,我在生物研究所工作，负责照料实验动物。某天我发现笼子里的兔子突然开始集体死亡，于是加紧监控。那天深夜，我透过监视器看到最年长的实验员跪在兔笼前嚎啕大哭。当我冲进实验室时，看到的场景让我浑身发冷。,这位实验员偷偷用兔子做非法基因改造实验，试图复活自己死去的女儿。他利用职务之便篡改了实验记录，但随着实验推进，兔子都因基因缺陷陆续死亡。最后他精神崩溃，将女儿的残骸拼接进最后一只实验兔体内。,问题1:兔子死亡是自然现象吗？回答1:不是; 问题2:实验员的行为是否被研究所允许？回答2:不是; 问题3:实验员与兔子有特殊关系吗？回答3:是; 问题4:死者是实验员的亲属吗？回答4:是; 问题5:最后看到的场景涉及人体组织吗？回答5:是,实验室最近增加了基因检测设备; 实验员经常加班到深夜; 监控显示实验员曾偷偷调换样本; 实验记录有多处时间对不上; 死亡的兔子都呈现相似的基因突变; 实验员桌上放着小女孩的照片; 实验室冷藏库有不明生物组织; 最后存活的兔子体型异常; 监视器拍到实验员往笼子注射不明液体; 清洁工反映最近垃圾中有缝合工具,3,c2759d22
93b48839,消失的邻居,自从公寓楼新搬来一位住户后，我经常听到隔壁传来奇怪的声音。有天深夜，我听到一声惨叫冲出门外，发现走廊墙壁上渗出暗红色液体。警察来调查后，那位新邻居却凭空消失了。,我其实是连环杀手，专门挑选独居女性作案。新邻居是潜伏调查的侦探，他发现墙里藏着我前几位受害者的尸体。那晚他想取证据时被我反杀，血迹渗出了墙面。警察其实是我假扮的，为的是处理最后的证据。,问题1:新邻居是男性吗？:不是; 问题2:墙里藏着东西吗？:是; 问题3:我认识之前的受害者吗？:不是; 问题4:液体真是血迹吗？:是; 问题5:警察有发现异常吗？:不是,公寓隔音很差但很少听到邻居说话; 新邻居总在深夜发出敲击声; 我的工具箱里有多余的砌墙工具; 管理处没有新住户的登记记录; 走廊监控总在关键时段失灵; 冰箱里有不明肉块包装; 卧室衣柜锁着从不让客人进入; 网购记录显示大量清洁剂购买; 手机里有多个女性物品的二手交易记录; 日历上每隔三个月就有红色标记,3,c2759d22
226fe525,妈妈的唱片,我从地下室翻出妈妈珍藏的黑胶唱片播放，爸爸听到后突然脸色苍白地冲进来砸碎了唱片机。,妈妈是著名歌手，因癌症去世前用特殊方法将自己的声纹刻录进黑胶唱片。每当播放时，唱片会释放出妈妈生前服用的放射性药物残留，导致接触者出现类似她临终前的症状。爸爸发现我在播放后，为保护我才慌忙销毁唱片机。,问题1:唱片是普通的音乐唱片吗？:不是; 问题2:妈妈是否还活着？:不是; 问题3:唱片播放对人有危害吗？:是; 问题4:爸爸的行为是在保护我吗？:是; 问题5:妈妈生前是否患有特殊疾病？:是,妈妈生前职业与声音有关; 地下室里还有其他类似的收藏品; 唱片表面有奇怪的刻痕; 每次播放后房间温度会异常升高; 爸爸最近总在服用某种药物; 妈妈去世前三个月突然停止公开演出; 唱片机砸碎时冒出了奇怪的烟雾; 家里禁止谈论妈妈的死因; 我的手腕最近出现了不明红疹; 医院曾给妈妈寄过放射性物质警告单,3,4afc3d85
6226ba03,阳台上的花,我从妈妈房间的阳台摘了一朵花送给妹妹，妹妹却尖叫着跑开了。,妈妈生前最爱养花，她患有一种罕见的疾病，需要定期服用一种特殊药物维持生命，但药物会让她的皮肤逐渐植物化。为了省钱供我和妹妹上学，妈妈偷偷减少了药量。最终她的身体完全植物化，变成了一株盛开的花。爸爸为了继续领取她的医疗补助，隐瞒了她的死亡，将她的‘植物身体’放在阳台照顾。那天我看到阳台上开出了新品种的花，以为是妈妈生前培育的，便摘了一朵送给妹妹。妹妹知道真相，所以才会害怕。,问题1:妈妈是自然死亡吗？回答1:不是; 问题2:那朵花和普通花有区别吗？回答2:有; 问题3:爸爸的行为合法吗？回答3:不是; 问题4:妹妹知道更多真相吗？回答4:是; 问题5:花的颜色重要吗？回答5:是,妈妈的疾病需要昂贵药物治疗; 阳台上的植物不需要浇水; 妹妹最近开始害怕进妈妈房间; 爸爸经常偷偷查看医疗补助到账信息; 那朵花的花瓣上有类似血管的纹路; 妈妈最后的日记提到‘身体变得僵硬’; 阳台上从未出现过这种花品种; 花的香气和妈妈生前用的香水一样; 妹妹曾看到爸爸对着那株植物说话; 摘花时花茎渗出了红色液体,3,4afc3d85
0a700bf5,妈妈的相框,我从妈妈的梳妆台拿了个相框给爸爸，爸爸却崩溃大哭。,妈妈生前是个摄影师，总爱用相框装裱我们的全家福。她死后，爸爸把她的骨灰封存进她最爱的相框里，放在梳妆台上。那天我看到相框里长出了一朵小花，以为是妈妈留给我的礼物，便开心地拿给爸爸看。后来才知道，那是我藏在相框后面种子袋里的花种，吸收了妈妈的骨灰养分而发芽开花。但爸爸说，这是妈妈用另一种方式在守护我们。,问题1:妈妈生前是做什么的？ 回答1:摄影师; 问题2:相框里原本放的是什么？ 回答2:全家福照片; 问题3:相框后来用来装什么？ 回答3:妈妈的骨灰; 问题4:小花是怎么长出来的？ 回答4:种子吸收了骨灰养分; 问题5:爸爸为什么崩溃？ 回答5:发现亡妻最后的痕迹被触动,妈妈有收集相框的爱好; 梳妆台是妈妈的专属区域; 相框最近被移动过位置; 爸爸经常对着梳妆台发呆; 相框玻璃内侧有奇怪的粉末; 小花是从相框内部长出来的; 孩子曾经在相框后藏过种子; 妈妈生前最喜欢白玫瑰; 长出来的花正是白玫瑰; 爸爸看到花后把相框抱在怀里,3,4afc3d85
05226fe3,妈妈的钢琴,我偷偷弹了妈妈的钢琴，但听到琴声的爸爸却突然崩溃大哭。,妈妈生前是钢琴家，在一次演出事故中为保护观众而重伤。临终前嘱咐爸爸拆掉钢琴防止我步她后尘。爸爸将钢琴封存在阁楼，但妈妈其实偷偷在琴键夹层藏了种子。我弹琴时触发了机关，藏在琴键里的花种洒落发芽——这些是妈妈最爱的白玫瑰，她说玫瑰绽放时就是她在弹奏安魂曲。,钢琴是妈妈的吗？:是; 妈妈还活着吗？:不是; 钢琴被故意藏起来了吗？:是; 弹钢琴会导致危险吗？:不是; 琴键里有特殊机关吗？:是,阁楼常年上锁但最近有翻动痕迹; 妈妈去世与音乐有关; 爸爸严禁任何人接近阁楼; 我见过妈妈在琴键上撒过闪亮粉末; 琴声响起时伴随沙沙的落籽声; 妈妈总说白玫瑰是她的第二生命; 琴凳夹层有园艺剪刀和培养土; 当年事故报道提到「钢琴内部结构异常」; 爸爸哭的时候在拼命接住空中飘落的东西; 三天后琴房地板缝隙长出嫩芽,3,4afc3d85
91200dc0,猫咪的眼睛,夜晚我从阁楼抱下一只黑猫给妈妈，妈妈看到猫的眼睛后突然尖叫起来。,"妈妈患有严重的夜盲症，她养的黑猫""煤球""会在夜晚用发光的眼睛为她引路。三个月前煤球失踪了，妈妈终日以泪洗面导致夜盲症恶化。我发现阁楼有个破洞长出了荧光蘑菇，那天看到两只发光的""眼睛""在黑暗中移动，以为是煤球回来了。其实那是两只沾了荧光蘑菇孢子的野老鼠，妈妈发现真相后既恐惧又绝望。",问题1:黑猫原本是妈妈养的吗?:是; 问题2:黑猫的眼睛会发光吗?:是; 问题3:阁楼里真的有猫吗?:不是; 问题4:发光的物体与蘑菇有关吗?:是; 问题5:妈妈最后看到的是老鼠吗?:是,妈妈有严重的夜盲症; 黑猫三个月前失踪; 阁楼有个破洞; 黑暗中会移动的发光体; 荧光蘑菇在夜间会发光; 妈妈终日以泪洗面; 煤球是猫的名字; 发光的其实是两个点; 孢子可以附着在动物身上; 妈妈的反应包含绝望情绪,2,4afc3d85
8d415ac6,闺蜜来电,"我外出旅行时，闺蜜突然打电话说""你男朋友真体贴...""，回到家后我看到了恐怖的一幕。","回到家的我发现男朋友惨死在床上，而闺蜜满身是血。原来闺蜜是个整容医生，最近因医疗事故导致精神失常，她嫉妒我和男朋友的感情，把男朋友当成了整容对象进行""手术""。电话里她说""你男朋友真体贴""是因为信号问题少听了一个字，实际她说的是""你男朋友真适合(当我的手术模型)""。",闺蜜是医生吗？:是; 闺蜜精神状态正常吗？:不是; 男朋友还活着吗？:不是; 电话内容完整吗？:不是; 闺蜜的行为和她的职业有关吗？:是,"闺蜜最近经历了一场医疗事故; 闺蜜是整容外科医生; 我外出时拜托闺蜜照顾男友; 回家时看到手术器械散落一地; 男友身上有多处""手术""痕迹; 闺蜜曾表示羡慕我们的感情; 电话信号时断时续; 闺蜜近期有异常行为记录; 现场发现了麻醉剂; 闺蜜衣服上有大量血迹但无外伤",2,c9991075
459e108b,出差归来,我去外地出差，朋友打电话说“你妻子真棒…”，第二天回到家后我崩溃了。,回到家的我，看到了妻子残缺的身体和奄奄一息的朋友。原来，因为我要去外地出差，托朋友照顾生病的妻子，朋友是个医生，但最近因工作压力大而精神恍惚，后来我才知道他患上了临时性精神错乱，他半夜发病把我妻子当成了病人，并进行了不合理的手术...而我接到朋友打来的电话说“你妻子真棒”其实是因为外地信号差的原因少听了一个字，而他真正说的是“你妻子真难救！”,问题1:朋友是医生吗？:回答1:是; 问题2:妻子生病了吗？:回答2:是; 问题3:朋友精神状态有问题吗？:回答3:是; 问题4:电话内容完整吗？:回答4:不是; 问题5:朋友对妻子做了什么？:回答5:不合理的手术,线索1:朋友是医生; 线索2:妻子近期生病; 线索3:朋友近期压力很大; 线索4:朋友精神恍惚; 线索5:电话信号不好; 线索6:朋友做了不合理的手术; 线索7:妻子身体残缺; 线索8:朋友奄奄一息; 线索9:电话内容有误解; 线索10:朋友患临时性精神错乱,2,c9991075
b6f384cc,扭曲的晚餐,我去参加一个为期一周的荒野生存训练，回来后收到朋友发来的短信“你的宠物真棒…”，回到家后我彻底崩溃了。,回到家的我，看到宠物残缺的身体和奄奄一息的朋友。原来，在我不在的这段时间，我托朋友照顾我养的珍贵宠物蜥蜴，朋友是个昆虫学家，但最近因为实验失败导致精神失常。他在照顾过程中突然发病，将蜥蜴当成了实验标本进行了解剖…而我收到的短信“你的宠物真棒…”是因为荒野信号差漏掉了最后一个字，他实际发的是“你的宠物真棒（的标本）！”。,问题1: 朋友是专业人士吗？回答1: 是的，他是昆虫学家。; 问题2: 宠物是常见的猫狗吗？回答2: 不是，是非常见宠物。; 问题3: 朋友精神正常吗？回答3: 不是，最近精神出了问题。; 问题4: 短信内容完整吗？回答4: 不是，因为信号问题漏了字。; 问题5: 朋友还活着吗？回答5: 是的，但奄奄一息。,线索1: 宠物非常特殊; 线索2: 朋友职业与动物相关; 线索3: 朋友近期精神状态异常; 线索4: 短信内容是赞扬的话; 线索5: 荒野信号很差; 线索6: 回家后看到两方都出事了; 线索7: 宠物被残忍对待; 线索8: 朋友可能产生了幻觉; 线索9: 朋友的专业知识被扭曲使用; 线索10: 短信少了关键的字,2,c9991075
1585311d,朋友来电,我去乡下出差，朋友给我打电话说“你家的猫真乖…”，第二天回到家后我崩溃了。,回到家的我，看到朋友死在沙发上，猫咪卧在一旁。原来，朋友是个兽医，但最近精神崩溃，猫咪在主人不在家时误食了朋友携带的危险药物，而朋友试图救它时被突然发病的猫咪抓伤喉咙而死。朋友在电话里说的其实是“你家的猫真该死”，但因信号问题我听错了。,朋友是兽医吗？:是; 猫咪平时温顺吗？:不是; 朋友精神状态正常吗？:不是; 猫咪误食了东西吗？:是; 朋友是被猫咪害死的吗？:是,朋友职业与动物相关; 猫咪近期行为反常; 朋友有精神问题; 药物出现在家中; 朋友死因与动物有关; 电话内容因信号问题失真; 猫咪表现异常安静; 现场有药物残留; 朋友颈部有伤口; 猫咪爪上有血迹,3,c9991075
66bbd4be,母亲与孩子,母亲在儿子生病时天天哭泣，儿子去世后却面带笑容。,母亲患有严重的抑郁症，儿子是她唯一的牵挂。儿子长期患病让母亲精神崩溃，她认为儿子的痛苦是自己造成的。某天她终于决定解脱两人——她在儿子的药里下了毒。看着儿子安详地闭上眼睛后，她露出了释怀的微笑，随后服下同样的毒药。,问题1:儿子是自然死亡吗？:不是; 问题2:母亲的笑是发自内心的吗？:是; 问题3:母亲是否亲手造成了儿子的死亡？:是; 问题4:母亲在儿子死后还活着吗？:不是; 问题5:母亲的行为是否出于爱？:是,"母亲患有严重的心理疾病; 儿子的病情一直没有好转; 邻居曾听到母亲说""这样对我们都好""; 法医检测出儿子体内有毒物; 母亲床头放着两封遗书; 药瓶上有母亲的指纹; 母亲日记里写满自责的话; 葬礼上家人发现母亲手腕有针孔; 儿子死亡时表情平静; 母亲死亡时穿着儿子的衣服",3,75a70fd3
1c69c2b2,婚礼前的微笑,新娘在婚礼彩排时全程面无表情，却在正式婚礼上对伴娘露出诡异的微笑。婚礼结束后，伴娘失踪了。,"新娘和伴娘是双胞胎姐妹，新娘一直嫉妒伴娘更受父母宠爱。在婚礼彩排时，新娘已经将伴娘杀害并藏在婚纱裙撑里。正式婚礼时的""新娘""其实是伴娘的尸体，新娘通过机关操控尸体对自己微笑。婚礼结束后，新娘将尸体永远缝进了定制婚纱的内层。",问题1:伴娘和新娘有血缘关系吗？:是; 问题2:婚礼上微笑的新娘是活人吗？:不是; 问题3:婚纱是否被特殊改造过？:是; 问题4:新娘有精神疾病吗？:不知道; 问题5:婚礼现场有人发现异常吗？:不是,"新娘的婚纱比彩排时看起来臃肿; 新娘全程没有自己走动，都是被伴郎引导; 婚礼现场闻到若有若无的香味（防腐剂）; 伴娘的手机最后定位在婚纱店; 新娘坚持要穿有裙撑的复古婚纱; 婚礼前新娘曾学习基础缝纫; 婚纱店老板提到新娘特别要求加厚内衬; 新娘在仪式后立即将婚纱""永久珍藏""; 伴娘失踪前刚做完指甲（尸体手指有相同甲油）; 新娘童年日记写着""想成为姐姐""",3,75a70fd3
cd43f613,葬礼上的微笑,弟弟在妻子的葬礼上泪流满面，却在看到遗像时突然露出诡异的微笑。,弟弟是同性恋者，从小就暗恋自己的挚友（即后来的丈夫）。挚友因父母压力与女性结婚，弟弟被迫成为伴郎。婚礼当晚弟弟将新娘推下楼梯致死，伪装成意外。葬礼上看到挚友悲痛欲绝的样子，弟弟突然意识到自己终于可以永远独占他了。,弟弟和新娘关系好吗？:不是; 弟弟有谋杀动机吗？:是; 死者是意外死亡吗？:不是; 弟弟喜欢死者吗？:不是; 弟弟和挚友认识很久吗？:是,弟弟在婚礼上担任伴郎; 新娘死亡时间是婚礼当晚; 死亡现场被伪装成意外; 弟弟有医学背景; 弟弟手机里存有挚友十年来的所有照片; 婚礼前夜弟弟曾购买大量安眠药; 新娘致命伤与楼梯高度不符; 弟弟电脑里存有谋杀计划文档; 葬礼后弟弟立刻搬进了挚友家; 挚友从未怀疑过弟弟,3,75a70fd3
cbd046b4,遗产之谜,富翁临死前将全部财产留给养子，亲生儿子却笑了。,亲生儿子其实是富翁的克隆体，富翁通过非法实验室制造了完美克隆人作为器官移植备用体。养子才是真正有血缘关系的侄子。富翁临终时良心发现，决定让克隆体（亲生儿子）继承所有财产获得自由。克隆人得知自己不是工具而是继承人时，露出了解脱的笑容。,富翁有亲生儿子吗？:是; 养子和富翁有血缘关系吗？:是; 亲生儿子是生物意义上的儿子吗？:是; 这个继承决定违反常理吗？:是; 亲生儿子知道真相吗？:是,富翁年轻时得过绝症; 实验室在富翁私人岛屿上; 亲生儿子从不参加体检; 两人DNA检测完全一致; 养子其实是侄子; 富翁经常给医院巨额捐款; 亲生儿子没有童年照片; 富翁拒绝所有骨髓捐赠; 实验室去年发生过大火; 遗嘱在火灾次日修改,3,75a70fd3
4b35b33f,血色婚纱,妹妹即将举办婚礼，姐姐为她订制了一套纯白的婚纱。婚礼当天，妹妹穿着姐姐亲手缝制的婚纱站在镜子前，突然惊恐地尖叫起来。姐姐站在她身后，露出了满意的微笑。,姐姐患有精神疾病，对妹妹有着病态的占有欲。她嫉妒妹妹即将与未婚夫结婚，于是在白色婚纱里层缝制了一层血袋。当妹妹穿上婚纱活动时，血袋破裂，鲜血染红白纱。姐姐看到妹妹惊恐痛苦的样子，误以为这是妹妹愿意为她流血的证明，因此感到满足。,问题1:这件婚纱是姐姐亲自制作的吗？回答1:是; 问题2:姐姐对妹妹有恶意吗？回答2:从姐姐的视角看不是; 问题3:妹妹的尖叫是因为身体疼痛吗？回答3:是; 问题4:婚纱的颜色发生了改变吗？回答4:是; 问题5:姐姐的行为是否经过精心设计？回答5:是,"姐姐是服装设计师; 妹妹最近总是抱怨姐姐过于粘人; 婚礼前一周有人看到姐姐购买了大量红色染料; 婚纱内衬有特殊的缝纫痕迹; 姐姐的日记本里写着""要让妹妹永远美丽""; 婚礼当天姐姐第一个到达化妆间; 妹妹试穿婚纱时并未发现异常; 姐姐特意要求亲手帮妹妹穿婚纱; 尖叫发生后，姐姐第一时间锁上了化妆间的门; 事后警方在姐姐家中发现了未使用的镇静剂",3,75a70fd3
3b0fa73d,邻居的秘密,我的邻居是个独居老人，最近行为反常，总是深夜在院子里挖土。那天我实在忍不住向他询问，他支支吾吾地说在种花。我不信，争执中推了他一把，他跌倒在花丛里。我上前扶他时，却发现花丛下的土里露出一截苍白的手指。,邻居患晚期癌症，偷偷在院子里埋葬自己养的狗。他每晚挖土是为了更换鲜花掩盖气味。我推倒他时碰倒了自制墓碑，露出的是狗的前爪模型（他按照爱犬爪印特制的）。,花丛是新种的吗？:不是; 老人之前养宠物吗？:是; 手指看起来像人类的吗？:不是; 院子里有异味吗？:是; 老人最近身体不好？:是,老人总带着园艺手套; 总在固定角落挖土; 每月15号买新鲜百合; 垃圾桶有狗毛刷; 窗台有宠物照片但不见动物; 拒绝任何人帮忙整理花园; 购买大量消毒剂; 深夜能听到压抑的咳嗽声; 曾向邮差打听动物标本店; 仓库里有黏土和模具,2,f1ba14d3
b69a8674,消失的室友,我的室友最近变得很奇怪，总用我的牙刷穿我的拖鞋，还整夜不回来。有天晚上我忍无可忍和她对质，争吵中我不小心推了她一把，她撞在墙上。当我过去扶她时，墙面突然渗出大量血迹。,室友三天前就搬走了，我因过度思念产生幻觉。每晚梦游时穿着她的拖鞋、用她的牙刷，假装她还住在这里。那晚我把衣柜镜子错当成室友争吵，推倒衣柜后镜子碎裂，我被飞溅的玻璃划伤流血。,问题1:室友真的存在吗？:不是; 问题2:血迹是真实的吗？:是; 问题3:我最近精神状态正常吗？:不是; 问题4:墙面本身会渗血吗？:不是; 问题5:那些生活用品是谁的？:是我的,室友的物品早就收拾空了; 我总记不清前一天晚上做了什么; 牙刷和拖鞋总是莫名其妙变湿; 邻居说从没看见过我的室友; 我的手上经常出现细小伤口; 衣柜的位置发生过变化; 卫生间镜子上有裂痕; 我服用过抗抑郁药物; 墙上血迹检测出是我的DNA; 租房合同显示我是唯一租客,2,f1ba14d3
d0490ae5,消失的邻居,我的邻居最近很奇怪，不但每天凌晨三点准时敲我的门，还总是穿着我失踪妻子的衣服。昨晚我忍无可忍和他对峙，却突然发现他脸上有血迹，我惊恐地后退时撞倒了身后的花瓶，花瓶碎了一地，而他却消失了。,"我的妻子一年前失踪了，我因过度思念产生了幻觉。邻居其实从未敲过门，那些都是我半夜梦游时产生的幻听。我偷穿妻子的衣服在镜前自问自答，昨晚对峙的""邻居""其实是镜中的倒影。撞碎花瓶后清醒过来，血迹是我梦游时不小心划伤的手。",邻居真的存在吗？:不是，是主角的幻觉; 妻子衣服为什么会出现在邻居身上？:其实是主角自己穿的; 血迹是怎么回事？:是主角自己受伤流的血; 凌晨三点的敲门声是真实的吗？:不是，是幻听; 花瓶为什么会碎？:主角后退时撞倒的,主角的妻子已经失踪一年; 邻居从没有正面回应过主角的质问; 主角家里有面大落地镜; 主角最近睡眠质量很差; 有人曾看到主角半夜在小区游荡; 主角衣柜里有女性衣物; 主角手上常有不明原因的伤痕; 警察确认邻居那段时间在外地出差; 监控从未拍到过有人凌晨敲门; 花瓶碎片上有主角的指纹和血迹,3,f1ba14d3
d29a4c8d,消失的室友,我的室友最近行为很古怪，总穿着我的衣服用我的电脑。有天深夜我醒来发现他又在翻我的东西，我气急败坏地冲上去抓住他的肩膀——可我的双手却直接穿过了他的身体。,我的室友半年前因车祸去世，我因过度悲伤产生幻觉，经常无意识地使用他的遗物（穿他的衣服、用他的电脑）。那晚看到的其实是自己在镜中的倒影，试图抓住幻影时碰倒了镜子。,室友是否还活着？:不是; 我看到的是实体吗？:不是; 房间里有镜子吗？:是; 衣服原本属于谁？:室友; 我们关系很好吗？:是,衣柜里总少一套衣服; 电脑浏览记录有陌生搜索; 总在凌晨三点有动静; 总闻到残留的古龙水味; 邻居说从没见过访客; 桌上总出现凉掉的咖啡; 日历停留在半年前的日期; 床头有褪色的合照; 衣柜深处放着黑色袖章; 邮箱积压着未读的讣告,2,f1ba14d3
af8c85fa,镜中鬼影,我的室友最近变得很奇怪，总在深夜对着镜子自言自语，还偷偷穿我的西装。昨晚我忍无可忍质问他，争执中镜子突然碎裂，我扶他时发现手掌沾满发黑的血迹。,"室友两周前已因车祸去世，过度悲痛让我产生幻觉。每当深夜我会穿他的遗物西装，对着镜子扮演他的习惯动作。争执时实际是我在推搡镜中的幻象，而所谓的""发黑血迹""是镜框腐朽木刺扎入掌心的霉斑。",问题1:血迹真的是人类的吗？回答1:不是; 问题2:镜子是最近新装的吗？回答2:不是; 问题3:室友有特殊职业需要穿西装？回答3:不知道; 问题4:争执时听到第三方声音了吗？回答4:不是; 问题5:房间有腐烂气味？回答5:是,西装是去年生日礼物; 镜框角落有白色丧事丝带; 床头柜放着镇静剂; 日历停留在车祸那天; 衣柜里西装只有一套; 镜框木料布满黑色霉斑; 手机有未发送的悼念短信; 公寓门锁两周没换过密码; 冰箱食物已过期半个月; 邻居说很久没见双人出入,3,f1ba14d3
795cb501,破碎的镜子,自从那场火灾后，我的双胞胎弟弟就变得沉默寡言。有天深夜，我看见他站在镜子前自言自语，可镜中却没有倒影。当我颤抖着触碰他的肩膀时，他转过身来，我看到了这辈子最恐怖的一幕。,其实火灾那天我弟弟就死了，但因为过度悲痛，我产生了人格分裂，幻想他还活着。那天深夜的'弟弟'其实是分裂出的第二人格在照镜子，而镜中本该是我的倒影却消失了，因为当时主导身体的是'弟弟'人格。当我触碰他时，两个人格突然切换，导致我看到了'自己'变成弟弟模样的恐怖瞬间。,问题1:火灾是否真的发生过？:是; 问题2:弟弟在火灾中幸存了吗？:不是; 问题3:主角是否有精神疾病史？:不知道; 问题4:镜子本身有问题吗？:不是; 问题5:主角看到的恐怖景象是实体吗？:不是,主角经常自言自语; 火灾后家里总是异常安静; 邻居说只见过主角一个人出门; 卧室里只有一张床却有两人生活的痕迹; 主角会突然改变说话方式; 日历上的日期停留在火灾那天; 所有合照里弟弟的脸都被涂黑; 心理咨询记录显示主角拒绝接受弟弟已死; 火灾现场只找到一具尸体; 主角的衣物总是买双份,3,c2759d22
739f8755,深夜电话,我接到朋友电话说“你家的猫真乖”，第二天回家后发现猫不见了，只看到地毯上有血。,朋友最近精神不稳定，把猫当成了实验动物，他在电话里其实说的是‘你家的猫真乖，配合我的实验’，但我听漏了后半句。回家后看到血迹是因为他在进行非法动物实验时失误导致猫死亡。,朋友是从事生物研究吗？:是; 猫的消失和朋友有关吗？:是; 朋友的精神状态正常吗？:不是; 地毯上的血是猫的吗？:是; 朋友在电话里说的话完整吗？:不是,朋友最近经常熬夜; 朋友的工作涉及动物; 朋友家里有奇怪的设备; 朋友最近行为异常; 电话信号不太好; 猫很温顺; 朋友对猫感兴趣; 家里有实验室气味; 朋友提到过“实验”; 猫最近食欲不振,2,c9991075
59cecdfa,午夜图书馆,沙...沙...沙......咔嗒...沙...沙......咚...咚...咚......“原来你在这里啊”,我在深夜的图书馆整理书籍时，无意间看到了一个陌生人正在销毁重要文件。他发现我后开始追逐，我躲进了书架间的角落。听着他的脚步声（沙沙沙）越来越近，我屏住呼吸。当他暂时走远（声音变小）时，我不小心碰倒了一本书（咚）。他立刻折返，从书架缝隙中发现了我的位置，笑着说道：“原来你在这里啊”。,问题1: 我是在白天遇到这个陌生人的吗？回答1:不是; 问题2: 陌生人销毁的东西重要吗？回答2:是; 问题3: 我躲藏的地方有门吗？回答3:不是; 问题4: 咚的声音是我故意制造的吗？回答4:不是; 问题5: 陌生人最后发现我了吗？回答5:是,线索1: 事件发生在深夜; 线索2: 场所是图书馆; 线索3: 陌生人正在销毁证据; 线索4: 沙沙声代表脚步声; 线索5: 声音间隔代表距离变化; 线索6: 咔嗒声可能是关灯或锁门; 线索7: 躲藏地点是书架之间; 线索8: 咚的声音是意外发出的; 线索9: 被发现是因为动静; 线索10: 最后一句是陌生人的话,2,1f5b4b22
4701b14a,黑暗森林,嘎吱...嘎吱...沙沙沙...嘎吱...嘎吱...砰！砰！砰！嘎吱...嘎吱...咔嚓咔嚓...“原来你在这里啊”,"我在森林里迷路时目睹了一起埋尸案件，凶手发现我后开始追赶。我躲进了一个废弃的猎人小屋，听着凶手踩在落叶上的脚步声""嘎吱嘎吱""越来越近。凶手用力拍打木门发出""砰砰""声，后来声音逐渐远去。就在我松一口气时，不小心踩断了地板上的树枝发出""咔嚓""声，凶手立刻转身回来，透过破旧的木板墙缝说道：""原来你在这里啊""。（嘎吱后面的...越多表示凶手离得越近）",问题1:声音的来源重要吗？:回答1:是; 问题2:我是否处于危险中？:回答2:是; 问题3:环境是在室内吗？:回答3:部分是; 问题4:咔嚓声是我故意发出的吗？:回答4:不是; 问题5:凶手最终发现我了吗？:回答5:是,线索1:嘎吱声与落叶有关; 线索2:沙沙声是凶手在快速移动; 线索3:砰砰声是凶手在拍打某物; 线索4:环境是森林中的建筑; 线索5:主人公处于躲藏状态; 线索6:凶手一度离开了躲藏处; 线索7:咔嚓声是意外发出的; 线索8:凶手通过声音再次定位; 线索9:凶手透过某种缝隙对话; 线索10:主人公之前目击了犯罪现场,2,1f5b4b22
77ee96dd,电梯惊魂,叮——11层...叮——10层...哒...哒...叮——9层...哒..哒..叮——8层...哒哒哒！叮———！！“原来你在这里啊~”,我目睹了同事在办公室的杀人现场，凶手发现后开始追我。我逃进电梯，听着凶手从消防楼梯追下来的脚步声（哒哒声）。电梯每下一层（叮声），脚步声就越近。到8层时凶手强行扒开电梯门（叮———），对着缩在角落的我说：“原来你在这里啊~”,凶手是坐电梯追下来的吗？:不是; 哒哒声代表什么？:凶手下楼梯的脚步声; 叮声有特殊含义吗？:电梯到达楼层提示音; 主角为什么能听到凶手脚步声？:消防楼梯与电梯井相邻; 最后一声长叮是否正常？:不正常，是电梯门被强行打开的警报,电梯在持续下行; 叮声间隔越来越短; 哒声出现在叮声之间; 哒声频率逐渐加快; 有金属摩擦声暗示; 背景有轻微喘气声; 8层时声音突然剧烈; 最后出现失真的电子音; 对话声带着回声; 全程没有其他乘客声音,2,1f5b4b22
acb84980,雨夜藏身,轰隆隆...滴答...滴答...轰轰轰...滴答...滴答...滴答...啪嗒啪嗒...滴答...“原来你在这儿啊”,"我目击了黑帮交易现场被发现，在暴雨夜逃亡时躲进了废弃仓库。听着追杀者的雨靴声""啪嗒啪嗒""由远及近，我屏住呼吸躲在货架后。雷声""轰隆隆""掩盖了我的心跳声，当雨靴声渐远时，我不慎碰倒了生锈的铁桶。戴着墨镜的黑帮分子掀开防水布，枪口抵住我的额头说:""原来你在这儿啊""(轰隆隆是雷声，滴答是屋檐滴水声，啪嗒是雨靴踩水声)",是暴雨天气吗？:是; 躲藏地点在室内吗？:是; 声音来源是人类吗？:部分是人类; 有金属碰撞声吗？:是; 对方戴着墨镜吗？:是,暴雨环境产生多种背景音; 金属物品被碰倒; 特定材质的脚步声; 存在视觉障碍物; 场景包含非法活动; 追逐方多于一人; 躲藏处有遮蔽物; 存在突发巨响干扰; 时间发生在夜晚; 涉及致命武器,2,1f5b4b22
a03c94cf,躲猫猫,哒..哒...哒.... 咚咚咚...哒....哒...哒..咔嗒咔嗒. 哒..哒…哒…..“我找到你了哦”,我正在玩捉迷藏，听到追捕者的脚步声“哒哒哒”逐渐接近，我躲在地下室的储物柜里不敢出声。脚步声逐渐远去后，我不小心碰倒了旁边的铁桶（咔嗒咔嗒），追捕者折返回来拉开柜门说：“我找到你了哦”（哒后面的..表示追捕者距离，咚咚咚是拍打柜门声）,问题1: 这是真实发生的追杀吗？回答1: 不是; 问题2: 咔嗒声是人为造成的吗？回答2: 是; 问题3: 场景发生在白天吗？回答3: 不知道; 问题4: 发出声音的人带着恶意吗？回答4: 不是; 问题5: 这里涉及生命危险吗？回答5: 不是,游戏氛围; 儿童活动; 储物空间; 意外响动; 嬉戏性质; 追逐关系; 非致命结局; 日常环境; 声响暴露位置; 角色反转,2,1f5b4b22
05af7433,消失的爱人,我的爱人非常疼我，但自从一场雷暴后，她就把我锁在漆黑的地下室里。当我再次见到她时，她的脸已经惨不忍睹。但我知道，我们终于能永远在一起了。,我是一台老式留声机，主人在古董店发现我后爱不释手。雷暴导致电路短路引发火灾，主人为保护其他藏品把我锁进防火地下室。多年后主人去世，葬礼上我被搬出来播放哀乐时，看到棺材里被火烧毁面容的尸体，才明白这是主人的葬礼。,问题1:爱人是否是人类？:不是; 问题2:雷暴是导致变化的关键吗？:是; 问题3:被锁起来是因为有危险吗？:是; 问题4:面容损毁是物理伤害导致吗？:是; 问题5:永远在一起是指死亡吗？:是,主角是非人类实体; 雷暴引发的连锁反应; 被保护性隔离; 时间跨度长达数年; 再次相见是在葬礼场景; 面容损毁与火灾有关; 地下室具有特殊防护功能; 主人的收藏品身份; 葬礼上播放音乐的传统; 火灾发生在雷暴当天,2,d16ebbc3
3e87b475,笼中鸟,我的主人非常疼爱我，可自从那场大火后，他就把我锁在了一个漆黑的铁笼里。当我们再次相见时，他的脸变得焦黑扭曲。我知道，我们终于可以永远在一起了。,我是一只珍贵的金丝雀，主人总是把我挂在阳光最好的窗前。那场大火烧毁了整栋房子，主人把我救出来后就锁进了地下室的保险柜。多年后人们清理废墟时发现了保险柜，里面是我的骸骨和主人烧焦的尸体——原来他当时已经遇难，救援人员把我们一同埋葬了。,问题1:主人是人类吗？:不是; 问题2:我是动物吗？:是; 问题3:大火是导致变故的关键吗？:是; 问题4:我被锁起来是出于恶意吗？:不是; 问题5:最终我们是在墓地相见吗？:是,主人对我的态度曾经很好; 变故发生在一场灾难后; 我被关在密闭容器里; 容器具有保护功能; 主人面部特征发生可怕变化; 现场有其他人类活动痕迹; 时间跨度很长; 容器是金属材质的; 最终状态是永久性的; 结局带有某种温暖的讽刺,2,d16ebbc3
1220b6e0,纪念品,我的主人很珍惜我，每天都把我擦得闪闪发亮。可自从那场意外发生后，我就被锁在了一个阴暗的柜子里。多年后当我重见天日时，主人已经变成了一尊铜像。我知道，我们终于可以永远在一起了。,我是一枚军功勋章，主人是位功勋卓著的老将军。他在战场上从不让我蒙尘，直到某次演习事故导致他半身瘫痪。羞于见人的将军把我锁进荣誉柜，直到他去世后人们为他竖立铜像，并把我镶嵌在铜像的胸前。（铜像落成仪式上，勋章被永久固定在雕像上）,问题1:主人是军人吗？:是; 问题2:意外导致主人身体残疾吗？:是; 问题3:铜像是主人死后才建的吗？:是; 问题4:我被锁起来是因为主人讨厌我吗？:不是; 问题5:最后我被固定在铜像上了吗？:是,"每天擦拭说明主人有仪式感; ""闪闪发亮""暗示金属制品; 意外后态度转变暗示心理创伤; 铜像通常用于纪念杰出人物; 军事人物常获勋表彰; ""永远在一起""暗示物理固定; 柜子的阴暗与铜像的公开形成对比; 残疾军人可能不愿展示勋章; 战后创伤是常见军人心理问题; 勋奖章常被展示在纪念场所",2,d16ebbc3
bd45d72c,消失的礼物,爸爸每年生日都会送我一颗漂亮的弹珠，但去年的弹珠却消失了。今年生日那天，我发现弹珠出现在一个意想不到的地方。当我终于找到它时，我终于明白为什么去年的弹珠会消失。,我是一个被收养的孩子，每年生日养父都会给我一颗弹珠作为礼物。去年养父去世了，没人知道弹珠在哪。今年我整理遗物时，在养父的骨灰盒里发现了去年的弹珠——原来他早就把弹珠和自己一起火化了，这样就能永远陪伴我。,问题1:弹珠是特殊材质的吗？回答1:不是; 问题2:去年养父还活着的时候弹珠就不见了吗？回答2:不是; 问题3:养父是意外去世吗？回答3:不是; 问题4:弹珠和养父有特殊关系吗？回答4:是; 问题5:弹珠出现在骨灰盒里是有人刻意放的吗？回答5:是,线索1:弹珠是每年唯一的生日礼物; 线索2:去年的弹珠在养父去世后消失; 线索3:今年弹珠出现在意想不到的地方; 线索4:养父去世前健康状况已经不好; 线索5:弹珠本身没有特殊价值; 线索6:养父没有其他亲人; 线索7:弹珠和养父之间有某种情感联系; 线索8:骨灰盒是今年才打开的; 线索9:养父知道自己将不久于人世; 线索10:弹珠被放在骨灰盒是为了传递某种信息,2,d16ebbc3
9ca5d526,镜中人,我的老板对我很好，自从那次事故后，他把我锁在了不见天日的档案室里。可当我再次见到他时，他已经变成了一个陌生人。我知道，我们永远都逃不出这里了。,我是一面古董镜子，曾被老板珍藏在办公室里。一场地震导致档案室坍塌，我被埋在废墟中。多年后救援队挖掘时，发现老板的遗骸和我紧贴在一起——原来地震时他试图抢救我而被埋。人们将我和他的遗骸一起移出，我终于明白为何他说‘我们永远都逃不出这里’。,问题1:老板是人类吗？:不是; 问题2:‘我’是活物吗？:不是; 问题3:档案室是因为自然灾害被封闭的吗？:是; 问题4:老板的死亡和‘我’有关吗？:是; 问题5:最终‘我’和老板是在同一个空间被发现吗？:是,‘我’不是生物; 老板对‘我’有特殊情感; 档案室的封闭是突发事件; 事故发生时老板在场; ‘永远逃不出’暗示物理空间的永久封闭; ‘陌生人’指尸体腐败后的样貌; ‘锁在档案室’是被动行为; ‘再次见到’说明时间跨度很大; ‘我们’暗示两者命运相连; ‘逃不出’暗示死亡结局,2,d16ebbc3
cc349f8a,标记之谜,在城市当警察的我，一天执勤时发现自家公寓门旁多了个“△”标记，以为是物业做的记号就擦掉了。第二天发现标记又出现了，这次还多了一个“△”。晚上巡逻回来时，听到隔壁传来持续的电钻声，烦躁的我敲门投诉，对方却默不作声。第三天早上，发现标记变成了“○”，正准备拍照记录时，邻居的门突然打开，里面的景象让我浑身发冷...,"最近小区发生连环入室抢劫案，歹徒用标记系统选择目标：""△""表示""待观察""，""○○""表示""有安保措施要避开""，""○""表示""可下手目标""。独居的警察因工作规律被标记为△，当歹徒听到警察投诉电钻声（其实是伪装作案工具的声音）时，确认住户在家且警惕性高，便升级为○准备当晚行动。",标记是歹徒留下的吗？:是; 电钻声是真实的吗？:不是; 邻居是真正的住户吗？:不是; 警察身份影响标记变化吗？:是; △代表危险等级较低吗？:不是,最近社区有未破获的系列案件; 标记总是在住户外出时出现; 电钻声只在特定住户门口响起; 被标记的住户都曾投诉过噪音; 标记变化与住户行为直接相关; 作案者伪装成装修工人; ○标记出现后48小时内必发案; 作案者掌握住户作息规律; 被标记住户都是独居者; 作案工具会发出类似电钻的声音,2,eefd6a4f
a9702137,公寓记号,出差回家的我发现公寓门口被画了个红色三角形，以为是小孩恶作剧就擦掉了。当晚洗澡时听见隔壁传来持续的电钻声，愤怒地敲开邻居的门理论。第二天发现红色三角形变成了圆圈，正疑惑时邻居突然开门，我看到了他手里的东西后转身就跑...,整栋公寓被一个连环杀手盯上，他用红色三角形标记独居女性，圆圈代表已确认目标。出差时我家被标记为无人居住，但浴室水声暴露了我的存在。电钻声是杀手在确认住户作息，第二天他拿着凶器出现时，我认出了新闻里描述的作案工具。,问题1:红色记号是否有特殊含义？:是; 问题2:电钻声是不是真实施工？:不是; 问题3:邻居是否早有预谋？:是; 问题4:我之前认识这个邻居吗？:不是; 问题5:凶手专门针对特定人群吗？:是,记号颜色始终是警告意味的红色; 电钻声在深夜持续不断; 邻居开门时戴着橡胶手套; 门把上有奇怪的化学药剂味道; 前两周社区发生过类似案件; 标记形状具有递进变化规律; 邻居的猫眼被故意遮挡; 理论时对方反常地观察我的穿着; 浴室镜子上曾出现水雾手印; 逃跑时发现消防通道被锁,3,eefd6a4f
0cb0edf1,消失的房客,搬进新公寓的第一天，我发现门把手上挂着一串风铃。我以为这是前房客留下的装饰品，便随手摘下来扔进了垃圾桶。当晚睡觉时，却被一阵清脆的风铃声惊醒。开灯查看，那串风铃竟又回到了门把手上。第二天询问物业，他们说这栋楼根本没有前房客。当晚我特意把风铃锁进了抽屉，可午夜时分，风铃声再次响起...,"这栋公寓其实是中介公司的非法隔断房，每个房间都藏着秘密摄像头。真正的""前房客""是偷窥癖房东，他用风铃作为标记——挂着风铃表示房间有人居住需要继续偷拍。当我扔掉风铃后，他半夜偷偷重新挂上。发现我可能察觉异常后，物业谎称没有前房客。最后一夜的风铃声，是房东亲自来安装隐藏摄像头时碰响的...",风铃是金属制的吗:是; 物业知道风铃的事吗:不知道; 前房客真实存在吗:不是; 这栋楼有其他住户吗:是; 我住的房间有特殊之处吗:是,风铃总是回到门把手上; 物业态度可疑; 房间价格异常便宜; 墙壁有可疑小孔; 夜间能听到奇怪的机械声; 前任租客都短期退租; 垃圾桶的垃圾曾被翻动; 抽屉有被撬痕迹; 房东从不露面; 合同条款存在隐私漏洞,3,eefd6a4f
7e9c0a31,神秘标记,出差回家的我发现公寓电梯旁画着红色三角形，以为是涂鸦便擦掉了。当晚发现三角形重现，还多了一个绿色圆圈。次日早晨发现圆圈变成了叉号，而当晚听到隔壁传来奇怪的机械运转声。第三天发现叉号变成了骷髅图案，当我疑惑时隔壁门突然打开......,整栋楼其实是秘密人体实验基地，研究人员用符号标记实验体状态：三角形代表新入住观察对象，圆圈表示已植入追踪芯片，叉号代表夜间进行过记忆清除手术，骷髅图案意味着即将执行最终脑提取实验。听到的机械声是记忆清除仪，隔壁住着伪装成邻居的研究人员。,红色三角形是否第一次出现？:不是; 机械声是否与医疗设备有关？:是; 符号变化是否针对所有住户？:不是; 邻居身份是否正常？:不是; 这栋楼是否存在特殊用途？:是,主角是长期出差后突然返回; 符号总是出现在相同位置; 符号颜色具有特定含义; 夜间会听到非常规家用设备的声响; 邻居行为存在时间规律性; 主角没有正式见过任何邻居; 公寓租金明显低于市场价; 保洁人员穿着类似实验服; 电梯需要特殊卡才能到达某些楼层; 窗外景色存在不合理的重复,3,eefd6a4f
0eeb0a08,消失的室友,公寓里总飘着腐烂的味道，房东问我另一个租客去哪了。我坚称一直独居，可他拿出登记簿时我愣住了——上面确实写着两个人的名字。,我室友是某个地下组织的线人，因掌握关键证据被追杀。为保护她，我帮她伪造了死亡现场，用动物内脏制造尸臭。后来组织找到这里，我被迫将她锁进密室墙内。房东看到的登记簿是我用特殊墨水伪造的——本该随时间消失的字迹，因为潮湿重新显现了。,问题1:腐烂味道是真的吗？:是; 问题2:我认识那个组织吗？:不是; 问题3:登记簿的字迹原本应该消失吗？:是; 问题4:室友现在还活着吗？:不知道; 问题5:我伪造登记簿是为了保护自己吗？:不是,衣柜里挂着风格迥异的两种衣服; 浴室有两套牙具但其中一套布满灰尘; 厨房角落堆着大量动物内脏包装袋; 卧室墙面有可疑的新刷油漆痕迹; 书桌抽屉锁着组织威胁信; 冰箱贴着两人份的过期食材清单; 我总在深夜敲击某面墙壁; 手机里有已删除的密室构造图; 阳台花盆埋着带血的橡皮手套; 每次房东来访都刻意打开所有窗户,3,23872de5
bc969b7f,消失的房客,房东问我上个租客去哪了？我坚决否认曾经有人租住过。可随后房东从地下室翻出的行李箱却让我脸色煞白…,我和弟弟是流浪儿，为了生存我伪造身份租房。真正的租客是个独居作家，发现我们秘密后威胁要报警。为了保护弟弟，我将他砌进了隔墙里。用他的存款继续交房租，让房东以为始终是同一租客。直到房东偶然发现装着作家手稿的行李箱…,行李箱里有血迹吗？:是; 弟弟知道真相吗？:不是; 房东见过真正租客吗？:不是; 作家有家人寻找他吗？:不知道; 我们伪装成租客多久了？:三年,每月房租准时缴纳; 从不让房东进屋检查; 弟弟总说听到敲墙声; 行李箱里有未发表的小说; 地下室有水泥修补痕迹; 房东说租客性格大变; 弟弟记得有个教他写作的叔叔; 作家电脑里有我们的照片; 我总戴租客的眼镜出现; 最近开始收到催稿邮件,3,23872de5
8a05580f,失踪的姐姐,妹妹问我为什么从来没有提起过姐姐，我矢口否认了姐姐的存在，可随后她拿出的照片却让我震惊了…,我和姐姐从小相依为命，后来被一位声称是远房亲戚的女人收养。她让我们叫她姐姐，但她实际上是一个贩卖儿童的罪犯。为了保护姐姐，我在她准备卖掉我们的前一晚，将她锁在地下室里，不久后她饿死在那里。我把她的尸体和所有痕迹都埋在了后院，让所有人以为她从未存在过。我以为时间会抹去一切，直到妹妹无意中翻出了那张照片…,问题1:我和姐姐是亲姐妹吗？:是; 问题2:那位收养我们的女人是真的亲戚吗？:不是; 问题3:女人对我们好吗？:不是; 问题4:女人有别的目的吗？:是; 问题5:地下室在这个故事中重要吗？:是,我和姐姐从小一起长大; 没有其他亲人; 被一个女人收养; 让我们称呼她为姐姐; 地下室被锁住了; 女人突然消失; 后院有新翻动的痕迹; 妹妹发现的照片上有三个人; 照片上的女人不是我们的亲生母亲; 照片的背景是地下室,3,23872de5
2647d246,录音带,弟弟问我妈妈去哪了？我坚决否认妈妈的存在，可随后弟弟播放的录音却让我脸色大变…,我和弟弟从小被生母虐待，后来被一位女音乐老师收养。她让我们叫她妈妈，我以为终于得到了母爱。但她其实有精神疾病，经常在深夜用录音设备记录虐待我们的过程。为了保护弟弟，我在她又一次发作时失手杀了她，并将所有录音带埋在后院。我以为时间会抹去一切，直到弟弟挖出了那盘藏着真相的录音带…,提问1: 录音带里是虐待证据吗？回答: 是; 提问2: 收养者有精神疾病吗？回答: 是; 提问3: 弟弟知道收养者已死吗？回答: 不知道; 提问4: 我们是被生母抛弃的吗？回答: 不是; 提问5: 杀死收养者是预谋吗？回答: 不是,"养母是音乐老师; 深夜经常有奇怪声响; 后院有新翻动的痕迹; 弟弟最近在玩考古游戏; 我总说""妈妈从没存在过""; 养母房间有大量空白录音带; 弟弟最近总说听到女人哭声; 我坚持说我们一直是两个人生活; 养母死后我把她所有物品都烧了; 录音带里传来打骂声和我们的哭声",3,23872de5
c4668b91,医院夜班,深夜，我作为实习医生第一次值夜班，当我独自走进电梯准备去查房时，随着电梯下降，我知道，今晚的病历永远写不完了。,实习医生凌晨2点独自查房，困倦中走进空电梯后直接靠在角落打瞌睡。电梯因之前有人按过地下三层按钮而自动下降（太平间所在楼层）。电梯门打开时，他迷糊中看到工作人员正在将一具盖着白布的尸体推进来，布单突然滑落露出死者面孔——正是白天他负责抢救失败的病人。此刻尸体突然睁开眼睛，而工作人员却像没看见似地继续推车，当电梯门再次关闭时，他发现病历本上所有字迹都变成了血红色。,问题1:电梯是空的吗？:不是; 问题2:与白天的工作有关吗？:是; 问题3:看到的是幻觉吗？:不知道; 问题4:有人按过电梯按钮吗？:是; 问题5:尸体有异常吗？:是,深夜的医院只有应急灯亮着; 电梯按钮显示正在前往地下楼层; 听到金属推车的声音; 白布下有液体渗出的痕迹; 工作人员全程没有说话; 死者白天说过奇怪的话; 病历本突然变得潮湿; 电梯里有福尔马林气味; 尸体指甲缝有泥土; 楼层按钮在没人碰的情况下自己亮起,3,c9708250
10d2a95e,消失的快递,快递员走进空无一人的大厦送件，当他踏入电梯时，突然意识到自己永远无法完成这单配送了。,快递员进入的其实是一座废弃已久的大厦，电梯早已停运。他看到的‘电梯’其实是多年前一起电梯事故的现场重现，当年该电梯发生故障坠落造成多人死亡。当他踏入电梯时，实际上正站在故障电梯的残骸上，此时脚下突然塌陷，他坠入了电梯井。,问题1:大厦是否有人居住？ 回答1:不是; 问题2:电梯是否正常运转？ 回答2:不是; 问题3:快递员看到的是真实场景吗？ 回答3:不是; 问题4:这栋大厦以前发生过事故吗？ 回答4:是; 问题5:快递员最后遭遇了物理伤害吗？ 回答5:是,大厦外观陈旧但快递单上的地址很新; 电梯按钮没有亮灯但门自动打开; 快递员进入时没看到其他住户; 电梯内部异常干净; 电梯楼层显示屏不显示数字; 能听到奇怪的金属摩擦声; 手机进入电梯后立即失去信号; 快递单上的收件人姓名模糊不清; 电梯门关闭后没有移动感; 踩踏时感觉地面不太稳固,3,c9708250
b2a56aa3,夜班电梯,我加完班走进深夜的电梯，按下1楼按钮后，电梯却开始下降。当电梯门再次打开时，我知道自己永远无法离开这栋大楼了。,作为大楼最后下班的保安，我巡视完顶楼后走进电梯准备回值班室，电梯门关闭后突然剧烈震动并开始反常下降。当电梯停在废弃的地下三层时，门缝渗进黑色液体，透过缝隙我看到二十年前因建筑事故被活埋在这里的工人冤魂正在电梯外徘徊。此时电梯按键全部失灵，对讲机里传来当年被困工人的最后录音，我知道自己将成为他们新的同伴。,电梯原本是向上运行的吗？:不是; 地下三层是否真实存在？:是; 黑色液体重要吗？:是; 主角身份是否关键？:是; 事故是近期发生的吗？:不是,大楼有发生过重大事故的历史; 电梯偶尔会出现异常运行; 深夜值班时经常听到奇怪声响; 地下三层在建筑图纸上被刻意抹去; 前几任保安都神秘离职; 监控录像经常出现雪花点; 电梯按键在特定楼层会失灵; 对讲机偶尔会收到不明信号; 主角是这栋楼的夜班保安; 黑色液体经检测是当年的水泥混合物,3,c9708250
e970463f,夜班电梯,深夜加班后我走进写字楼电梯，按下1楼按钮后开始低头玩手机。电梯下降时突然剧烈震动，等我抬头时发现楼层显示突然跳到18楼。当电梯门打开时，我知道自己今晚回不了家了。,我是连环杀人案的目击者，凶手伪装成维修工在18楼行凶。被害人垂死挣扎时按亮了所有楼层按钮，导致原本下降的电梯突然上升。当电梯停在18楼时，凶手正在处理尸体，看到电梯里的我后立即冲了过来。,电梯最初是向下运行的吗？:是; 18楼是案发现场吗？:是; 被害人是否试图求救？:是; 凶手是否发现了主角？:是; 楼层按钮异常是否与案件有关？:是,深夜加班的大楼通常人很少; 电梯突然改变运行方向; 所有楼层按钮都被按亮; 18楼最近在装修; 新闻正在报道连环杀人案; 主角最近总是感觉被跟踪; 电梯里有淡淡的消毒水味道; 18楼的公司最近根本没人加班; 凶手穿着维修工制服; 电梯监控最近刚好坏了,2,c9708250
83b80730,海岛度假,我去海岛度假，朋友给我发短信说‘你的狗真乖…’，第二天回到家后我崩溃了。,回到家的我，看到了狗狗残缺的身体和没了呼吸的朋友。原来，因为我要去海岛度假，托朋友照顾爱犬，朋友是个宠物美容师，但最近精神状态很差，后来我才知道他患上了精神病，他半夜发病把我的狗当成了美容模型，并进行了残忍的‘修剪’...而我收到朋友发来的短信说‘你的狗真乖’其实是因为海岛信号差的原因少显示了一个字母，而他真正发的是‘你的狗真乖（怪）’！,问题1:朋友是宠物美容师吗？:是; 问题2:朋友当时精神状态正常吗？:不是; 问题3:短信内容有缺失吗？:是; 问题4:狗狗还活着吗？:不是; 问题5:朋友还活着吗？:不是,朋友有宠物美容的专业背景; 朋友最近行为异常; 海岛信号经常不稳定; 家里有大量血迹; 发现时朋友手持美容工具; 狗狗的身体被‘修剪’得支离破碎; 朋友尸体上有自残痕迹; 手机显示短信接收不完整; 朋友近期就医记录显示精神问题; 美容工具上有大量狗狗的毛发和血迹,2,48ebb2ac
46a1a652,消失的哥哥,"我和弟弟去森林露营，中途收到哥哥发来的短信说""你真像爸...""，回家后发现哥哥失踪了。","哥哥在森林里被野兽袭击，弟弟听到的短信""你真像爸...""其实是信号中断的""你真像爸爸一样会被吃掉""，回家后发现的哥哥遗物上有野兽齿痕。",问题1:哥哥发的短信是完整的吗？:不是; 问题2:森林里有危险动物吗？:是; 问题3:弟弟和哥哥关系好吗？:是; 问题4:哥哥最后出现的地方有搏斗痕迹吗？:是; 问题5:短信内容与失踪有关联吗？:是,哥哥是护林员熟悉森林环境; 最近森林出现熊袭击事件; 手机在森林经常信号不良; 弟弟从小最怕爸爸; 哥哥发信时语气很急促; 帐篷附近发现带血衣物; 哥哥随身携带的防熊喷雾被用光; 回家路上闻到腐肉味; 遗物上有唾液DNA检测结果; 爸爸曾被野生动物袭击过,2,48ebb2ac
3362a5ef,深夜来电,"我在实验室通宵加班时，室友打来电话说""你养的宠物真乖…""，第二天我回到合租房后彻底崩溃了。","室友最近因实验失败患上了妄想症，把我的白化病宠物蟒蛇当成实验用的白鼠处理掉了。电话里说的""真乖""其实是信号干扰导致的听错，原话是""真该(处理)""。",问题1:室友知道宠物是蟒蛇吗？:是; 问题2:室友从事相关行业吗？:是(生物学实验员); 问题3:宠物有特殊特征吗？:是(白化病); 问题4:电话通话质量如何？:差(有杂音); 问题5:室友精神状态正常吗？:不是(近期异常),"主角是科研工作者; 合租房里养着特殊宠物; 宠物具有容易混淆的外观特征; 室友职业与生物实验相关; 近期发生过实验事故; 通话时背景有仪器噪音; 室友说过""实验体要处理""之类的话; 冰箱里有不明生物组织; 实验日志记载着样本混淆事件; 室友桌上放着镇静剂处方",2,48ebb2ac
7f1db498,出差归来,我去山区考察，同事发短信说“你妹妹真棒…”，回到家后我崩溃了。,回到家的我看到妹妹残缺的尸体和死去的同事。原来，我去山区考察时托同事照顾妹妹，同事是个医生但最近心理扭曲，半夜发病将妹妹当成了实验品进行解剖...山区信号不好导致短信漏字，同事实际发的是“你妹妹真标本！”,问题1:同事的职业是医生吗？:是; 问题2:妹妹是否身体有残疾？:不是; 问题3:短信内容是否完整？:不是; 问题4:同事精神是否正常？:不是; 问题5:我看到尸体时有解剖痕迹吗？:是,同事最近行为反常; 山区信号很差; 短信显示不完整; 同事有医学背景; 家里有手术器械; 尸体有专业切割痕迹; 妹妹生前身体健康; 同事最近情绪低落; 家里有大量消毒水味道; 冰箱里有可疑组织,3,48ebb2ac
23c302eb,消失的室友,我外出旅游，室友发消息说“你的狗真乖”，回家后我发现狗不见了，室友也不见了。,室友是个兽医，但最近患上了梦游症。在我外出期间，他梦游时将我的狗当作手术对象进行了绝育手术，导致狗狗失血过多死亡。慌乱中他把狗埋在了后院，自己因为愧疚离家出走。他发的消息其实是“你的狗真乖（别担心）”，但因为网络问题我只看到前半部分。,室友是专业人士吗？:是; 狗还活着吗？:不是; 室友的行为有医学解释吗？:是; 消息内容完整吗？:不是; 狗受伤了吗？:是,室友是兽医; 最近有睡眠问题; 后院有新翻动的土; 家里有医疗用品; 收到的是不完整信息; 狗狗没有绝育; 发现血迹; 室友的物品还在; 手术工具被动过; 有使用镇静剂的痕迹,2,48ebb2ac
6a205539,阁楼上的画家,一场车祸后，丈夫就开始把自己锁在阁楼里作画，不肯下楼。那天我突然听到他在疯狂大笑，我急忙冲上阁楼，却被眼前的画作吓傻了。,丈夫是位知名画家，但我发现他用我的肖像画参加比赛获奖后，却声称画中人是他的初恋。调查后我发现他所有获奖作品都是用不同女性的脸拼接成的。愤怒之下我策划了车祸想毁掉他的双手，谁知他只伤了眼睛。失明后的他整日在阁楼作画，声称要完成最后的杰作。这天我看到他用血在画布上疯狂涂抹——那分明是用我的头发和皮肤碎片拼贴成的肖像。,丈夫是职业画家吗？:是; 车祸与妻子有关吗？:是; 画作使用特殊材料吗？:是; 丈夫知道被陷害吗？:不知道; 画里有真人组织吗？:是,阁楼传出奇怪的粘稠声; 颜料桶里有金属反光; 画布定期更换但从不展示; 丈夫总戴着手套作画; 获奖画作的眼睛位置都相同; 地下室锁着旧画具箱; 最近总丢化妆镜; 画室温度异常低; 闻到过腐烂的水果味; 窗帘永远拉着,3,a17a7fe7
ff5b7624,失踪的室友,我的室友最近行为异常，总把自己反锁在厨房里。有天深夜我听到厨房传来剁肉声和诡异的笑声，透过门缝看到地板上蔓延的暗红色液体......,我患有严重梦游症，某夜误将抗议噪音的邻居当成游戏BOSS砍杀。清醒后为掩盖罪行肢解了尸体，但潜意识不断驱使我在梦游时重复分尸行为，那些声音和液体其实都来自我自己的夜间活动。,室友最近是否受过刺激？:是; 液体是否真实存在？:是; 事件发生在城市里？:是; 涉及超自然现象吗？:不是; 凶手是否自知？:不是,公寓隔音效果极差; 总在凌晨三点出现声响; 冰箱出现过不明肉块; 刀具经常莫名移位; 我总记不清夜间的记忆; 浴室排水口常堵住; 邻居失踪半个月了; 我的睡衣常有血渍; 厨房门锁最近被更换; 社区贴有寻人启事,3,a17a7fe7
676c22a7,失语症,一场车祸后，女儿便不再开口说话。那天我突然听见她在房间里尖叫，冲进去却看到她在疯狂撕扯自己的头发，而墙上写满了同一句话。,"女儿在车祸中幸存但目睹母亲死亡，精神受创患上失语症。我作为心理医生在墙上安装单向镜观察她，却发现她每天半夜在镜面用口红反复写着""妈妈在镜子里""。后来我发现她其实一直能说话——她在模仿镜中反射的、当年死在副驾驶的母亲的最后动作。",车祸时女儿坐在后排吗？:是; 墙上写的字与母亲有关吗？:是; 单向镜是我故意安装的吗？:是; 女儿的行为是在模仿死者吗？:是; 母亲死在副驾驶吗？:是,女儿总在特定时间面朝墙壁; 使用的口红是母亲的遗物; 字迹呈现左右镜像特征; 监控显示深夜墙面自动出现字迹; 女儿从不直视镜子但会对着墙说话; 尸检报告显示母亲右手骨折; 女儿撕扯的是右侧头发; 墙上字迹总有轻微拖痕; 车祸时副驾驶座椅严重变形; 女儿房间曾是无窗的监控室,3,a17a7fe7
ab7e7e01,标本实验,实验室发生爆炸后，教授开始把自己锁在培养舱里不外出。某天我突然听到舱内传来撕心裂肺的吼叫，当我强行打开舱门时，被眼前的景象震惊得说不出话。,教授在进行克隆人实验时，意外培育出了自己的完美复制体。复制体逐渐产生自主意识开始反抗。爆炸事故其实是复制体策划的谋杀。活下来的教授把复制体的残肢泡在培养液里，每天对着碎肉说话。那天他看到培养液中的碎肉突然开始蠕动重组。,教授是生物学家吗:是; 爆炸是人为造成的吗:是; 培养舱里有活物吗:部分正确; 教授精神正常吗:不是; 复制体完全死亡了吗:不是,"实验室门上贴着""基因编辑项目""的标识; 教授的笔记本写着""第43次意识转移实验""; 培养舱液体呈现不正常的肉粉色; 监控录像显示爆炸前复制体曾独自在配电室; 教授经常对着空气说""你本就是我""; 清洁工反映最近总闻到腐肉味道; 实验记录显示克隆体脑波异常活跃; 舱内发现被反复修补的防护服裂痕; 教授左手无名指有被咬伤的痕迹; 培养液成分检测出高浓度神经生长因子",3,a17a7fe7
05d3b6f2,黑色婚礼,婚礼结束后，新娘突然开始把自己锁在化妆间里不肯出来。直到宴会散场时，我听到化妆间传来撕心裂肺的哭声。当我强行打开门，却被眼前的景象震惊了。,新娘在婚礼前发现未婚夫与伴娘有染，但为了面子决定按计划举行婚礼。她在婚礼蛋糕中下毒，毒死了所有来宾。当她回到化妆间准备自杀时，却发现伴娘的尸体正抱着她未婚夫的头颅，原来伴娘提前识破并在香槟里下了另一种毒。新娘的哭声是因为看到两具尸体以诡异的姿势纠缠在一起。,问题1:新娘知道未婚夫出轨吗？:是; 问题2:婚礼上有发生命案吗？:是; 问题3:伴娘也死了吗？:是; 问题4:新娘策划了谋杀吗？:是; 问题5:尸体姿势很反常吗？:是,新娘在切蛋糕时手在发抖; 伴娘曾偷偷调换过香槟酒瓶; 宾客们吃完蛋糕后都安静了下来; 化妆间门缝渗出暗红色液体; 新娘的婚纱上有奇怪的粉末; 伴娘包里有解毒剂的空瓶; 新郎最后是倒在新娘怀里; 婚礼摄影师拍到了可疑的镜头; 新娘曾研究过延迟性毒药; 伴娘手机里有威胁短信,3,a17a7fe7
e4874588,远方的信,我收到一封来自远方的信，打开后全家人都消失了。,我的家族受到一种诅咒，任何直接接触远方来信的人都会瞬间消失。这封信其实是来自未来，由消失的家族成员发出，警告不要打开它。但当我收到信时，出于好奇打开了它，导致全家人都被传送到另一个时空。,问题1: 信的内容重要吗？:不是; 问题2: 信的外观有异常吗？:是; 问题3: 信里有实际文字吗？:不是; 问题4: 家人看到信了吗？:是; 问题5: 信是寄给我的吗？:是,线索1: 信封上的邮戳非常模糊; 线索2: 信封摸起来有一种奇怪的温度; 线索3: 信纸上没有任何字迹; 线索4: 打开信封时听到微弱的声音; 线索5: 其他收到类似信件的人都消失了; 线索6: 这种信只在家族内部流传; 线索7: 老人们警告过不要打开远方来信; 线索8: 信封上有一个奇怪的家族徽记; 线索9: 消失的人从未被找到; 线索10: 这个现象已经持续了几代人,2,c800ca3f
32d58c8c,温泉惊魂,周末，我和朋友去泡温泉，结果我们都死在了温泉池里。,我其实是一个机器人，身体由特殊材料制成，但头部是唯一的弱点，一旦进水就会短路致死。那天我戴了假发和防水头套，朋友并不知道我的真实身份。泡温泉时，我不慎滑倒，头套脱落，头部浸入水中导致短路。朋友见状想要救我，但误触了我的紧急关机按钮，导致系统崩溃，他也因惊慌失措而心脏病发作。,问题1:我们是人类吗？:不是; 问题2:温泉的水温有问题吗？:不是; 问题3:朋友知道我是机器人吗？:不是; 问题4:我的头部有特殊防护吗？:是; 问题5:朋友是被我杀死的吗？:不是,我平时总是戴着头巾或帽子; 我对水有异常的恐惧; 朋友曾经开玩笑说我像个机器人; 温泉那天我显得特别紧张; 现场没有发现任何血迹; 朋友的死亡原因是心脏骤停; 我的身体在死后迅速冷却; 温泉的工作人员说我死前发出了奇怪的电流声; 朋友死前试图按下我脖子后的一个按钮; 我的头部在死后被发现有一个奇怪的接口,2,c800ca3f
d8a4d43a,太空洗头,在太空站的淋浴舱洗完头后，我和同事都失去了生命体征。,我是被秘密改造的半机械人宇航员，头部装有维持生命的核心处理器。淋浴时我违规取下了防水头罩，导致处理器进水短路。同事发现我的机械构造时因惊吓过度引发心脏骤停。,问题1:这是发生在真实太空站的事件吗？:不是; 问题2:我的身体构造和常人不同吗？:是; 问题3:死亡和洗头有直接关系吗？:是; 问题4:同事是被我杀害的吗？:不是; 问题5:我们当时在执行特殊任务吗？:不知道,太空站有严格的淋浴规定; 我的体检报告总是单独密封; 任务日志显示我从不参与集体沐浴; 同事最后传回的语音有剧烈喘息声; 监控拍到淋浴舱曾闪过异常蓝光; 回收的遗体发现金属部件; 我的衣柜里藏着防水头套; 事故前12小时有过电力波动; 太空站配备有特殊接口的充电舱; 任务名单中我的名字带有'MK-II'后缀,3,c800ca3f
7ad0ccf2,午夜直播,深夜，我独自在家中直播化妆教程，突然观众们看到我的脸皮掉了下来，接着直播间被永久封禁。,"我其实是个擅长特效化妆的连环杀手，每次作案后都会用受害者的脸皮制作成逼真面具。这次直播时用的面具胶水失效，导致正在演示的""人皮面膜""突然脱落，露出了面具下血淋淋的真实面孔。",问题1:观众看到的掉下来的是真脸皮吗？:不是; 问题2:主播是人类吗？:是; 问题3:掉下来的东西与犯罪行为有关吗？:是; 问题4:直播内容本身违法吗？:不是; 问题5:主播知道这个东西会掉落吗？:不知道,"主播的化妆技术非常专业; 直播间经常演示特殊妆容; 掉落的物体看起来像人类皮肤组织; 主播从未在镜头前卸过妆; 近三个月当地有连环失踪案; 直播设备旁放着不明液体容器; 有观众曾留言说妆容""太真实""; 主播的住址从未公开过; 每次直播背景都完全不同; 掉落时能看到皮下有红色物质",3,c800ca3f
575a47e3,医生的手,一个医生在手术中突然惊恐地扔掉手术刀，病人当场死亡，而医生也随即倒地不起。,医生实际上是一个被秘密植入病人体内的纳米机器人集群，它们能模拟人类外形执行手术，但核心控制单元位于医生的右手。当手术刀意外割伤右手时，控制单元被破坏导致整个系统崩溃，病人因失去维持生命的纳米机器而死亡，医生集群也随之解体。,医生是人类吗？:不是; 病人是正常人类吗？:不是; 手术刀造成了关键伤害吗？:是; 医生的右手有特殊意义吗？:是; 这是个未来科幻设定吗？:是,手术室里没有监控记录; 医生从不摘下右手手套; 病人需要定期接受这种手术; 手术刀上检测到异常金属成分; 医生的动作异常精准; 手术台有奇怪的电磁干扰记录; 医院没有这位医生的入职档案; 病人体内发现微型机械结构; 右手伤口处有发光液体渗出; 手术灯在事故时出现闪烁,2,c800ca3f
83e07dc7,午夜直播间,为了证明自己的清白，我在直播间公开了自己的病历，却让观众们看到了更恐怖的东西。,我是一名整容失败者，为了找回自信，我成为了一名恐怖主播。当我在直播间展示自己整容前的照片时，观众们发现这些照片都是经过PS处理的，而我却不知道自己整容前的真实样子。实际上，我整容失败后失忆了，而所谓的'整容前照片'其实是其他受害者的照片。,问题1:我是自愿整容的吗？:不是; 问题2:我的失忆与整容有关吗？:是; 问题3:观众看到的照片是真的吗？:不是; 问题4:我知道自己整容前的样子吗？:不是; 问题5:整容的医生有问题吗？:是,我经常头痛; 我的房间里有很多陌生人的照片; 镜子是被刻意打碎的; 我对自己过去的事情记得很清楚; 我的手机里有密码锁定的相册; 我在直播时会突然情绪失控; 观众说我的照片有问题; 我从未见过自己的家人; 医生经常来我家; 我经常做同一个噩梦,3,e9f02833
76ab88e9,完美体重,在健身教练的指导下，我终于达到了理想体重，但在一次体检时医生却告诉我一个可怕的消息。,"我从小就是个胖子，为了追求完美身材，我请了私人健身教练。他很严格，每天监督我的饮食和运动。三个月后我成功减重20公斤，但在体检时医生发现我的多个器官出现衰竭症状。原来教练给我注射了非法减肥药物，并偷偷替换了我的维生素为泻药，我的""完美身材""是以健康为代价换来的。",问题1:教练是否知道药物的危害？:是; 问题2:我的快速减重是否正常？:不是; 问题3:体检结果是否与饮食有关？:是; 问题4:教练是否有医疗背景？:不是; 问题5:我是否主动要求使用药物？:不是,"教练总是单独准备我的营养剂; 我的体重下降速度异常快; 经常感到头晕和乏力; 教练拒绝让我查看训练计划; 卫生间经常出现不明药物包装; 其他会员都没有这么快的效果; 训练后经常出现剧烈腹痛; 教练总说""结果比健康重要""; 体检显示电解质严重紊乱; 健身房的监控死角很多",2,e9f02833
f416ae7a,减肥直播,"在丈夫的指导下，我成功减掉了20斤，但在今天的健身直播中我突然晕倒。醒来后我发现健身房的镜子全部碎了，而丈夫留下了一张写着""对不起""的字条消失了。",我其实是丈夫用黑魔法创造出的镜像人，真正的我在一年前就已经去世了。丈夫通过镜子维持我的存在，而我减掉的每斤体重实际上都是在消耗镜子的魔力。今天的晕倒是因为镜子魔力耗尽，碎裂的镜子意味着我即将消失，丈夫的离开是因为无法面对再一次失去我。,问题1: 丈夫是专业的健身教练吗？: 不是; 问题2: 镜子对我的存在很重要吗？: 是; 问题3: 我真的有实体吗？: 不是; 问题4: 丈夫感到愧疚吗？: 是; 问题5: 减掉的体重其实是别的东西吗？: 是,丈夫经常对着镜子自言自语; 我的记忆只有最近一年的; 家里从没有我的照片; 我的体重下降时镜子会出现裂痕; 丈夫从不让我的家人来访; 我的身份证是最近才办理的; 健身房的镜子都是丈夫特别定制的; 我从不记得结婚前的事情; 最近几个月镜子裂得越来越频繁; 丈夫总是深夜偷偷擦拭镜子,3,e9f02833
c38fafba,网络直播,在老公的帮助下，我成功减肥，但我在直播时突感身体不适，等我跑到厕所呕吐时却发现令人惊恐的一幕。,从小我就是吃不胖的体质，为了赚钱，男友让我做起了吃播，可前段时间感觉身体有些发福，身为医生的男友，在家为我做了抽脂手术，术后的我在直播时突感恶心不适，去到卫生间发现马桶堵了，当我抽抽出堵塞马桶的异物时，那竟然是我的baby！原来我身体发胖的原因竟是我有了身孕，但我并不知道，而他为了让我能继续直播赚钱，趁我麻醉时拿走了我的孩子...,问题1: 我是因为吃多了才变胖的吗？: 不是; 问题2: 男友是医生吗？: 是; 问题3: 男友知道我怀孕了吗？: 是; 问题4: 我呕吐是因为抽脂手术吗？: 不是; 问题5: 我在直播时呕吐是因为食物中毒吗？: 不是,从小吃不胖; 做吃播赚钱; 前段时间身体发福; 男友是医生; 在家做抽脂手术; 直播时恶心不适; 马桶堵塞; 从马桶里抽出异物; 异物是婴儿; 不知道怀孕,3,e9f02833
65f25097,消失的器官,在医生的帮助下，我成功治愈了顽疾，但当我复查时发现CT片上出现了令我毛骨悚然的画面。,"我长期患有慢性腹痛，作为外科医生的丈夫坚持在家为我治疗。近期症状突然消失让我很高兴，直到医院复查时发现CT显示我的胆囊不见了。原来丈夫偷偷给我做了胆囊切除手术——那些所谓""特效药""其实是麻醉剂，他收集我的器官在黑市贩卖。",问题1:丈夫是专业医生吗？:是; 问题2:治疗过程是否在家中进行？:是; 问题3:症状消失是否突然？:是; 问题4:CT片是否显示器官缺失？:是; 问题5:丈夫是否有经济压力？:是,丈夫近期频繁夜不归宿; 家里出现过陌生医疗设备; 服药后总会有数小时记忆空白; 发现过丈夫手机里的器官交易对话; 银行账户突然有大额进账; 丈夫拒绝让我去医院复诊; 症状消失后体重明显下降; 在衣柜发现过带血的手术服; 最近住宅区有非法器官贩卖的传闻; 丈夫的书房抽屉里锁着多个器官保存罐,3,e9f02833
175c214a,深夜动物园,你独自住在野生动物园旁的宿舍，附近只有一对饲养员夫妇。你们之间隔着猛兽区。有一天深夜，你被一阵咆哮声惊醒，之后听见了狮吼、铁笼撞击和撕咬声。过了一段时间，你又听到有东西在抓挠你宿舍的门，但你没有理会，继续睡了过去。第二天，园长带着警察找上了你。,饲养员夫妇发生争执（咆哮声），丈夫狂怒下用铁棍打断了妻子的脊椎（狮吼声），妻子像破布娃娃般撞击铁笼（铁笼撞击声），丈夫将妻子扔进狮笼（撕咬声）。濒死的妻子用指甲抓挠着爬到你宿舍门前求救（抓门声），因未被理会而被狮子彻底分食，清晨巡查时发现异常报了警。,饲养员夫妇养的是狮子吗？:不是; 撕咬声来自真实动物吗？:是; 妻子当时已经死亡了吗？:不是; 听到的动物叫声都是人发出的吗？:部分是; 猛兽区真的有动物逃脱吗？:不是,深夜第一声咆哮带着人类怒音; 铁笼撞击声伴随着金属工具掉落音; 狮吼声中混杂着女性惨叫; 撕咬声持续有规律而非捕食状态; 抓门声伴有细微指甲断裂声; 次日地上有非动物爬行的拖痕; 警察来时狮子饱食状态异常; 饲养工具间少了根驯兽铁棍; 妻子工装裤后腰位置有拖行磨损; 你门框下方发现带血的人类指甲,3,a9547ff9
d7706384,深夜狗吠,你独自住在湖边，附近只有一户邻居，是一对养狗的独居老人。你们两家之间隔着一条小路。有一天深夜，你被一阵吵架声惊醒，之后听见了狗吠，狗撞开院门和狗啃骨头的声音。过了一段时间，你又听到有东西在挠自己家的门，但你没有理会，继续睡了过去。第二天，警察敲响了你家的门。,邻居老人突发争执（吵架声），其中一人用钝器击打对方头部致其昏迷，受伤者发出呻吟（狗吠声）。行凶者慌乱中将伤者拖出屋子（狗撞开院门），用牙齿啃咬伤者伤口试图止血（狗啃骨头），伤者爬到你门口挠门求救，因未被理会失血过多而死，清晨有人发现尸体报了警。,问题1:邻居家养的是真狗吗？:不是; 问题2:听到的狗叫声是动物发出的吗？:不是; 问题3:狗撞开院门的声音是动物造成的吗？:不是; 问题4:有人受伤了吗？:是; 问题5:伤者是否曾尝试求救？:是,"线索1:邻居实际没有养狗; 线索2:深夜的""狗吠""声持续时间异常; 线索3:""狗撞门""的动静像重物拖行; 线索4:听到类似啃咬硬物的声音; 线索5:第二天警察上门调查命案; 线索6:两户人家之间有可见的小路; 线索7:邻居是独居的老年夫妇; 线索8:夜间听到的""动物""行为都发生在凶案时间段; 线索9:最后挠门声很微弱; 线索10:所有""动物声音""都可对应人类行为",3,a9547ff9
9a44fb44,夜半犬吠,你住在城市的高层公寓，隔壁住着一对养大型犬的年轻情侣。每晚都能听到他们遛狗时的脚步声和犬吠声。某天深夜，你被激烈的争吵声惊醒，接着听到犬吠、抓挠门和撕咬东西的声音。后来有东西在挠你家的门，你以为是狗便没理会。第二天物业带着警察敲开了你的门。,情侣发生争执（争吵声），男方失控砍下女方的手指（犬吠实为惨叫），女方用断指抓挠房门（抓挠门声），疼痛中咬住抱枕（撕咬声），后爬出房门用膝盖撞击你家门求救（挠门声），因未被理会失血休克而死，清晨保洁发现血迹报警。,声音来源是狗吗？:不是; 情侣吵架有关键吗？:是; 犬吠声有特殊含义吗？:是; 抓挠门的是动物吗？:不是; 撕咬声是否真实在撕咬？:不是,"公寓隔音效果很好但能听到清晰惨叫; 平时遛狗时间是晚上7-8点; 深夜听到的""犬吠""声调异常尖锐; 抓挠门的声音带着金属刮擦感; 撕咬声后伴随着液体滴落声; 物业提到走廊监控有15分钟故障; 警察询问时特别关注你家门把手; 隔壁门口的地毯有拖拽痕迹; 清晨发现的血迹呈放射状分布; 法医在勘查时反复查看门框底部",2,a9547ff9
8ced658e,湖畔夜惊,你独自住在湖边的小屋里，附近只有一户邻居，是一对研究水鸟的老夫妇。你们两家之间隔着一片湿地。有一天深夜，你被一阵激烈的争吵声惊醒，之后听见了水鸟的尖叫、翅膀拍打和啄食的声音。过了一段时间，你又听到有东西在敲打你家的窗户，但你没有理会，继续睡了过去。第二天，动物保护协会的人敲响了你家的门。,老邻居夫妻吵架（激烈的争吵声），丈夫一怒之下割下了妻子的舌头，并折断了她的四肢，妻子发出痛苦的尖叫（水鸟叫声）。冷静下来后的丈夫自杀，妻子用残肢敲打窗户（翅膀拍打），用嘴在地上啄食苔藓止血（啄食声），爬到你窗前敲窗求救，因未被理会失血过多而死，清晨有人发现尸体报了警。,问题1:邻居夫妻是研究水鸟的专家吗？:是; 问题2:水鸟的叫声是否真的来自动物？:不是; 问题3:妻子是否还活着？:不是; 问题4:敲窗户的声音是否来自人类？:是; 问题5:湿地是否真的出现了水鸟？:不是,邻居夫妻是研究水鸟的专家，对鸟叫声很熟悉; 深夜的争吵声可能暗示家庭矛盾; 水鸟的尖叫与人类痛苦尖叫类似; 翅膀拍打声可能是残肢拍打的声音; 啄食声可能是用嘴止血的行为; 湿地没有真正的水鸟出现; 敲窗户的声音来自人类而非鸟类; 动物保护协会的出现暗示涉及动物或人类; 夫妻二人都不再出现; 深夜的异常行为暗示暴力事件,3,a9547ff9
fc0f6871,深夜牛影,你独自住在郊外，附近只有一户邻居，是一对养马的夫妻。你们两家之间隔着一片草地。有一天深夜，你被一阵争吵声惊醒，之后听见了马嘶，马蹄踩踏栅栏和马咀嚼草料的声音。过了一段时间，你又听到有东西在挠自己家的门，但你没有理会，继续睡了过去。第二天，警察敲响了你家的门。,邻居夫妻吵架（争吵声），丈夫暴怒下砍断了妻子的双手和脚（马嘶声），妻子用断肢扒开马厩门（马蹄踩栅栏），用嘴叼草料止血（马咀嚼声），爬到你门前用残肢挠门求救（挠门声），因未被理会失血过多而死。清晨马夫发现异常报警。,邻居家养的是真马吗？:不是; 听到的动物声音由人类发出吗？:是; 妻子是否在求救？:是; 丈夫是否还活着？:不知道; 挠门声是否意味着危险？:不是,"深夜争吵声暗示家庭暴力; 马嘶声与人类极端痛苦嚎叫相似; 马蹄声实为断肢拍打木质栅栏; 咀嚼草料声是咬住干草止血; 挠门声是残肢摩擦门板; 两户人家间只有草地无障碍物; 警察到来暗示命案现场; 所有""马""相关声音都在深夜爆发; 夫妻职业与动物相关是误导项; 持续声音移动轨迹显示爬行路径",3,a9547ff9
77068765,夜半旅馆,一个疲惫的旅行者深夜投宿一家偏僻的旅馆。前台无人应答，他自己找了间空房休息。虽然很累，但他总觉得有什么在注视着他，整夜难眠。第二天天亮，他发现房间异常干净，所有物品摆放整齐，顿时毛骨悚然，头也不回地逃走了。,"旅行者深夜投宿的其实是一家废弃的标本博物馆。他误入的""客房""是动物标本展示厅，那些""注视感""来自四周的动物标本眼睛。天亮后他发现所有标本都被收进玻璃展柜（看起来像""物品整齐摆放""），才意识到昨夜是被上百双动物眼睛盯着睡觉。",旅馆是正常营业状态吗？:不是; 房间里有其他人吗？:不是; 注视感来自活物吗？:不是; 物品白天看起来和晚上不同？:是; 逃跑是因为发现真相？:是,"旅馆地处偏僻荒凉地区; 前台积灰已久; 房门没有电子锁; 房间陈列过于整齐; 墙壁有固定支架痕迹; 床单散发着防腐剂气味; 夜间听到细微的吱嘎声; 天花板有射灯轨道; 洗手间镜子被拆除; 走廊尽头有""禁止拍照""标识",2,d9874474
beaa78fa,夜半画像,深夜，一个迷路的女孩走进了一家艺术画廊避雨。画廊里只有一幅巨大的肖像画，画中是一个面无表情的男人。女孩太累了，决定在画廊的沙发上休息。尽管很疲惫，她却始终无法入睡，总觉得有什么在盯着她。天亮后，她突然惊恐地发现画中的男人不见了，立刻逃离了画廊。,女孩看到的并非真正的画作，而是一面单向玻璃。画中的‘男人’实际上是玻璃另一侧的真实人物，他一直透过玻璃观察着女孩。天亮后光线变化，女孩才看清那是玻璃而非画作，意识到自己整晚被监视而惊恐逃离。,问题1:画廊是正常营业的吗？:不是; 问题2:画中人物是真实存在的吗？:是; 问题3:女孩最后看到的景象重要吗？:是; 问题4:和光线条件有关吗？:是; 问题5:‘画框’其实是某种装置吗？:是,深夜画廊里只有一幅‘画’; 画中人物面无表情; 女孩感觉被盯着却找不到源头; 画廊没有其他工作人员; ‘画作’尺寸异常巨大; 夜间画廊光线昏暗; 天亮后才发现异常; ‘画框’边缘有细微反光; 画廊位于偏僻地段; 女孩逃离时听到玻璃敲击声,2,d9874474
24e1f812,夜半画廊,一个艺术家深夜在画廊里休息，他总觉得有双眼睛在盯着他，辗转反侧无法入睡。天亮时他终于睡着，醒来后发现画廊里的雕像位置变了，惊恐地逃了出去。,艺术家深夜在画廊休息，误将一尊真人雕塑当成了艺术品。半夜雕塑偷偷移动时被他察觉动静却看不到人影，导致他整夜不安。天亮后他终于睡着，醒来发现雕像位置改变，才意识到昨夜画廊里有个活人在伪装雕塑。,问题1: 画廊平时晚上有人吗？回答1: 不是; 问题2: 艺术家是否认识那个雕塑？回答2: 不是; 问题3: 雕塑原本的位置明显吗？回答3: 是; 问题4: 雕塑会自己移动吗？回答4: 不是; 问题5: 艺术家最后明白真相了吗？回答5: 是,线索1: 画廊夜间通常无人值守; 线索2: 那尊雕塑是新展品; 线索3: 艺术家休息前确认过展厅安全; 线索4: 半夜听到细微的摩擦声; 线索5: 展厅监控录像出现故障; 线索6: 雕塑底座有移动痕迹; 线索7: 艺术家感觉被注视却找不到来源; 线索8: 天亮后雕塑面向改变了; 线索9: 展品清单上多了一件未登记作品; 线索10: 后来在储物间发现了伪装用的雕塑外壳,2,d9874474
1ca5de0c,夜半敲门声,独自在家的老人半夜听到敲门声，他透过猫眼看到门外站着已故的老伴。他吓得没敢开门，直到天亮后鼓起勇气查看，却发现门外空无一人。,"老人患有轻度白内障和夜盲症。半夜听到的声音其实是野猫抓门声，透过猫眼看到的""老伴""是玻璃反光的自己影像（穿着和老伴相似睡衣）。天亮后视力恢复才看清真相。",老人是独居吗？:是; 老伴确实已去世吗？:是; 当时有其他人靠近房屋吗？:不是; 老人视力是否有问题？:是; 门外留下痕迹了吗？:是（猫爪痕）,老人近期总把东西看错; 老伴去世前常穿蓝条纹睡衣; 老人当晚也穿着蓝条纹睡衣; 社区常有野猫出没; 猫眼有点松动会反光; 老人不敢开灯查看; 天亮后发现门框有抓痕; 老人夜盲症加重了; 当晚月光特别亮; 邻居证实没看到人影,2,d9874474
d2e69d61,深夜美术馆,一名画家深夜在美术馆临摹名画，觉得画中人物眼睛会动。他反复修改自己的画作，却始终无法还原神韵。天亮时他惊恐地发现——自己画的竟是一张实时监控画面。,"画家以为在临摹静态油画，实际上美术馆用投影技术将监控画面伪装成名画展览。他整晚看到的""会动的眼睛""是保安在监控室值班，最终发现自己在描摹的是实时监控中保安打哈欠的脸。",美术馆是正常营业状态吗？:不是; 画作本身有特殊技术吗？:是; 眼睛转动是物理现象吗？:不是; 涉及监控设备吗？:是; 保安知道有人在临摹自己吗？:不知道,"美术馆当晚进行技术测试; 传统画框里装着电子屏幕; 投影角度经过精心设计; 监控室与展厅直线距离15米; 画家用的炭笔会反光; 画架位置正对""画作""中心; 凌晨三点监控画面切换过; 画家曾揉搓过自己眼睛; 地面有隐蔽的电缆痕迹; 晨光角度暴露了屏幕边框",3,d9874474
0318a258,八音盒的秘密,女孩总是收到匿名寄来的八音盒，每个八音盒都播放着不同的儿歌。她搬家后，八音盒依然不断寄到新地址。最后她在旧居阁楼发现了一个装满相同八音盒的箱子。,女孩小时候遭遇车祸失忆，她父亲是玩具制造商，为帮她恢复记忆每天制作一个播放她童年歌曲的八音盒。搬家后父亲继续寄送，直到她在旧居发现制作到一半的八音盒和父亲的日记，才明白真相。,八音盒是全新的吗？:不是; 儿歌对女孩有特殊意义吗？:是; 寄件人认识女孩吗？:是; 阁楼的箱子是最近放的？:不是; 女孩发现真相后感到害怕吗？:不是,每个八音盒都略有使用痕迹; 儿歌都是20年前的流行童谣; 包裹永远没有寄件地址; 八音盒底部都刻着相同日期; 女孩对某些儿歌会有模糊记忆; 搬家后邻居说常看到老人徘徊; 阁楼箱子落满灰尘但八音盒很新; 其中一个八音盒里有褪色照片; 照片上是小女孩和玩具工作台; 最新收到的八音盒缺少发条装置,2,fd497ed4
227e49b8,图书馆的秘密,一个女孩总是在图书馆的固定位置看书，某天她收到了一本神秘的古籍，翻阅后惊恐地离开了图书馆，再也没有回来。,"女孩一直在图书馆研究家族历史，收到的古籍是家族失传的族谱，翻阅后发现自己的名字被用红笔圈出，旁边写着一个陌生人的名字和""下一个就是你""的字样，意识到有人盯上了她家族的血脉，于是连夜逃离。",问题1:古籍是图书馆的藏书吗？:不是; 问题2:女孩认识送书的人吗？:不知道; 问题3:古籍内容与女孩有关吗？:是; 问题4:女孩离开是因为害怕吗？:是; 问题5:古籍的内容是真实的吗？:是,女孩每天坐在图书馆同一个位置; 古籍看起来非常老旧; 古籍的装帧风格与现代书籍不同; 女孩收到书时四周没有其他人; 女孩翻阅时脸色突然变得苍白; 古籍内有手写的批注; 批注使用的墨水颜色异常; 女孩离开时没有办理借书手续; 女孩随身物品都没有带走; 图书馆员后来发现古籍神秘消失了,3,fd497ed4
4052f296,神秘礼物,一位年轻女演员在首映礼上收到匿名粉丝送来的古董手镜，镜子背面刻着她童年时的昵称。当晚回家后，她突然取消了所有演出合约搬离城市。,女演员小时候曾有个双胞胎妹妹，妹妹意外去世时手里握着这面刻有两人昵称的镜子被下葬。变态粉丝为了接近她，盗掘了妹妹的坟墓取得遗物。女演员发现镜子内侧有只有她和妹妹知道的秘密刻痕后，意识到礼物来源的恐怖真相。,问题1:镜子上有特殊痕迹吗？:回答1:镜框内侧有姐妹俩童年时刻的星星图案; 问题2:妹妹还活着吗？:回答2:妹妹在她们10岁时因意外去世; 问题3:粉丝之前认识女演员吗？:回答3:粉丝曾是她们儿时邻居; 问题4:镜子原本应该在什么地方？:回答4:镜子应该随妹妹下葬; 问题5:女演员为什么能确定镜子是真的？:回答5:星星图案的位置只有姐妹俩知道,线索1:镜子是20年前的款式; 线索2:昵称是女演员7岁后就不用的乳名; 线索3:镜子边缘有泥土痕迹; 线索4:女演员看到镜子后立即检查了内侧; 线索5:妹妹的葬礼在老家举行; 线索6:女演员取消演出时表现得很惊慌; 线索7:礼物卡片上的字迹像是老人所写; 线索8:女演员最近收到过其他童年物品; 线索9:妹妹是因跌落事故去世; 线索10:事故现场发现过破碎的镜子,3,fd497ed4
1ed1a889,旧钢琴的秘密,老人临终前将一台古董钢琴送给年轻音乐家，音乐家发现琴键下藏着一张泛黄的地图。三个月后音乐家失踪了。,老人曾是地下组织的档案保管员，将机密资料藏在钢琴机械装置中。他选中音乐家是因为其单纯背景和完美音感能触发隐藏机关。音乐家无意间启动机关发现地图后，被潜伏的组织成员灭口。,钢琴是否真的能正常演奏？:是; 地图标注的是宝藏位置吗？:不是; 老人认识音乐家的家人吗？:不知道; 钢琴是否有被改装过的痕迹？:是; 音乐家是否主动寻求过这台钢琴？:不是,老人送琴时特别叮嘱要每天弹奏特定曲目; 钢琴低音区第三个键比其它键下沉更深; 地图边缘印有模糊的六位数日期; 音乐家失踪前连续一周深夜都在琴房; 钢琴内部有不符合年代的铝合金零件; 老人床头柜放着音乐家演出海报; 地图材质是特殊防水纤维; 琴凳夹层藏有老式微型胶卷; 音乐家最后通话记录是国际长途; 钢琴送货单上的签名被反复描摹过,3,fd497ed4
f5334eda,失踪的画作,画廊老板每天都会在闭馆时清点画作数量。某天他发现一幅名画不见了，监控显示整晚无人进入，但画框还挂在墙上。,画廊老板就是偷画贼，他故意每天清点画作制造不在场证明。当晚他用特殊溶剂溶解了画布颜料，将液体装进墙上的消防喷淋头里，所以画框还在原处。,问题1:画是被物理取走的吗？:不是; 问题2:监控录像有被篡改痕迹吗？:没有; 问题3:画框被动过手脚吗？:是; 问题4:消失的画涉及特殊材质吗？:是; 问题5:老板的清点行为重要吗？:是,老板坚持亲自清点画作; 画框背面的挂绳有轻微腐蚀痕迹; 该幅画使用特殊水溶性颜料; 失窃当天消防系统显示异常水压波动; 墙上对应位置有不易察觉的色差; 老板近期购买过大容量密封容器; 监控死角拍到老板深夜拿着空画框; 失窃画作刚好在喷淋装置正下方; 画廊三个月前更换过消防设备供应商; 溶解后的颜料可通过光照检测显现,3,fd497ed4
591da283,影子之谜,"一天我去公共厕所，那时已是晚上，我看见男厕所门口站着一个人后面是他的影子，手中还拿着什么，我吓了一跳，不过很快就冷静下来第二天天警察找到我,问我看到尸体为什么不报警，我想了想瞬间吓呆了。",因为晚上没有光，所以没有影子，那个男人的影子其实是一具尸体。,问题1: 当时周围有没有光源？回答1: 不是; 问题2: 那个人影是否在移动？回答2: 不是; 问题3: 我是否真的看到了那个人的脸？回答3: 不是; 问题4: 那个人手中拿的东西是否重要？回答4: 不知道; 问题5: 警察提到尸体时，我是否感到困惑？回答5: 是,线索1: 事件发生在晚上; 线索2: 公共厕所周围没有光源; 线索3: 我看到的‘影子’并没有移动; 线索4: 我并没有看清那个人的脸; 线索5: 警察提到尸体时我感到困惑; 线索6: 我最初以为看到的只是一个人和他的影子; 线索7: 厕所门口的环境很暗; 线索8: 那个人手中拿着的东西模糊不清; 线索9: 我后来才意识到‘影子’可能是尸体; 线索10: 没有光源的情况下不可能有影子,2,3dc18660
283c37eb,夜半车影,深夜我独自开车回家，路过一个偏僻的加油站。我看见一个人站在加油机旁，他的影子被拉得很长。他手里似乎拿着什么东西在晃动。我觉得有点奇怪，但也没多想就开走了。第二天警察找到我，问我为什么看到凶案现场不停车报警。我震惊得说不出话来。,因为当时加油站没有灯光，不可能有影子，那个所谓的'影子'其实是另一具被吊起来的尸体。,加油站当时有灯光吗？:不是; 那个人手里拿的是绳子吗？:是; '影子'和人是连在一起的吗？:不是; 那个'人'确实活着吗？:不知道; 加油站当时还有其他人在场吗？:不是,时间是深夜; 地点在偏僻的加油站; 加油站没有灯光; 在无光源情况下看到'影子'; '影子'被描述为'被拉得很长'; 注意到手里物品在'晃动'; '影子'与人是分离的; 警察提到的是'凶案现场'; 加油站通常有夜间照明; 被吊的尸体在微风中会晃动,3,3dc18660
7a4ab0c1,深夜停车场,深夜我独自开车回家，停车场灯光忽明忽暗。停好车后，我瞥见后视镜里有个戴帽子的男人站在我车后，他的影子格外清晰。我吓得踩油门逃离，第二天保安说我车尾有刮擦痕迹还沾着奇怪液体。警方调监控后质问我为何撞了人不报警，我这才惊恐万分。,"当时停车场灯光实际已全灭，能看见的""影子""其实是真人——那个戴帽子的人正用身体挡着被撞倒的受害者。",问题1:停车场当时真的亮着灯吗？:不是; 问题2:后视镜看到的影子确实存在吗？:不是; 问题3:帽子男手上拿着东西吗？:不知道; 问题4:车尾液体与事故有关吗？:是; 问题5:帽子男是否试图提醒我？:是,"关键反常点在于深夜的异常清晰影子; 灯光描述用了""忽明忽暗""的障眼法; 保安第一时间注意到的是车尾痕迹; 警方直接认定是""撞人""而非其他案件; 帽子男的站立位置挡在车正后方; 监控视角必然拍到帽子男反常举动; ""影子""轮廓与人体比例完全一致; 逃离时没听到碰撞声（保护受害者）; 第二天才发现的液体暗示延迟发现; 警方质问方式暴露他们已掌握关键画面",3,3dc18660
df4b4c77,午夜图书馆,深夜我在图书馆自习，窗外月光很亮。我透过落地窗看见楼下的庭院里站着一个人，他身后有另一个影子一样的人形。我觉得很奇怪，但继续看书。隔天警察来调查，问我为什么看到异常情况不报告。我这才知道昨晚楼下发生了命案。,月光下真实的影子只能有一个，第二个'影子'其实是凶手正在搬运的尸体。,问题1:当时庭院有路灯吗？回答1:没有; 问题2:影子是正常比例吗？回答2:两个'影子'形状完全相同; 问题3:能确定看到的是活人吗？回答3:不能; 问题4:月光足够产生清晰影子吗？回答4:是; 问题5:第二个'影子'有动作吗？回答5:没有,案发时庭院只有月光光源; 影子物理学上不可能完全重叠; 命案发生时间与目击时间吻合; 死者身材与目击者描述一致; 凶手搬运尸体的路线经过庭院; 图书馆落地窗会产生轻微反光; 深夜图书馆很少有人活动; 第二个'影子'始终静止不动; 警方在庭院发现拖拽痕迹; 目击者视角存在视觉误差可能,2,3dc18660
e3a46f68,午夜剧院,我是一名剧院夜班清洁工。凌晨三点打扫完舞台时，看到观众席最后一排坐着个穿红裙的女人，她的影子被月光拉得老长。第二天警方调查时责问我为何不报告尸体，我看着监控录像里空荡荡的座位，浑身发抖。,当时剧院电力故障完全无光，月光不可能照进封闭剧场，所以那个影子其实是第二具被吊死的尸体。,剧院当晚有电力故障吗？:是; 影子的形状是否可疑？:是; 红裙女子在监控里存在吗？:不是; 影子方向是否符合物理规律？:不是; 死者是否死于凶杀？:是,剧场所有窗户都装有遮光帘; 电力故障持续到凌晨四点; 法医报告显示死亡时间在午夜; 舞台吊杆上有摩擦痕迹; 清洁工提到听到过绳索声; 监控显示清洁工曾对着空气说话; 红裙是上个月自杀女演员的标志性装扮; 尸体脖颈有环形淤青; 最后一排座椅靠背上有蹬踏痕迹; 警方发现被移动过的备用绳索,3,3dc18660
873b3dbb,消失的邻居,我住在公寓楼的顶层，每晚都能听到楼上传来轻微的挪动家具声。虽然有些奇怪，但因为租金低廉，我也没太在意。直到有一天物业告诉我，楼上其实是个空置多年的阁楼，根本不可能有人住。奇怪的是，从那天起挪动声就消失了，我却开始失眠了...,"我早已发现住在壁橱里的流浪汉，他每晚出来找食物时发出的声音反而让我感到安心。当物业发现并赶走他后，失去这种""生活气息""让我无法入睡，于是我把物业管理员锁进了阁楼。现在每当听到他挣扎的声音，我就能睡得很香。",问：阁楼之前真的没有人住吗？答：是; 问：那些声音是自然现象吗？答：不是; 问：我需要那些声音才能入睡吗？答：是; 问：现在阁楼里有人吗？答：是; 问：是我主动造成现在的状况吗？答：是,顶层公寓的租金异常便宜; 声音只在夜间出现; 声音类似家具轻微移动; 主人公长期独居; 物业近期检查过阁楼; 主人公对声音有依赖性; 阁楼门锁有新撬动的痕迹; 物业管理员最近失踪; 主人公知道阁楼的结构; 主人公表现出强迫症倾向,3,0c266d24
a011c442,消失的室友,我和室友合租一间公寓，每晚都能听到他从隔壁房间传来的轻微鼾声。虽然有些吵，但我反而睡得很踏实。直到有一天他出差了，房间突然安静下来，我却整夜失眠。后来他再也没回来，但奇怪的是——我竟然又能睡着了。,我的室友其实早已被我杀害藏在墙壁夹层里，蛆虫啃食尸体的声音被我误以为是鼾声。出差只是掩盖失踪的借口，当尸体完全腐烂后声音消失导致我失眠。最后我把新杀的流浪汉尸体塞进同一个夹层，熟悉的'鼾声'又回来了。,隔壁房间真的住过人吗？:是; 鼾声是生物发出的吗？:是; 室友的出差是谎言吗？:是; 声音来源与死亡有关吗？:是; 后来出现的声音是新尸体吗？:是,公寓是老旧建筑; 墙壁有明显修补痕迹; 主角有精神疾病史; 邻居说见过打包的黑色塑料袋; 失踪案和流浪汉失踪时间吻合; 主角购买过大量除臭剂; 维修记录显示主角拒绝检查隔墙; 被单上有反复清洗的痕迹; 冰箱里放着多份相同的外卖; 阳台植物全部枯萎,2,0c266d24
6f8e4e64,医院怪影,我住院的第一晚，病房天花板上总传来规律的敲击声。护士说那是老鼠，但声音太有节奏了。奇怪的是，每次我按下呼叫铃，声音就会停止。一周后我出院时，发现隔壁床的病人总盯着天花板微笑。第二年我再住院时，发现那个病人不见了，护士说他‘转到顶层病房去了’。当晚，天花板的敲击声又响起了......,住院医生一直在通过通风管道偷窥病人，敲击声是他移动时的声响。隔壁床病人发现后选择了沉默，因为他享受被注视的感觉。后来医生被这个病人举报，被调往顶层精神科（所谓‘转院’）。当我再次住院时，那个病人已经取代了医生的位置，成为新的偷窥者。,问：敲击声是人为的吗？答：是的; 问：隔壁床病人知道真相吗？答：知道; 问：通风管道可以藏人吗？答：可以; 问：‘顶层病房’真实存在吗？答：不存在; 问：最后敲击声又出现重要吗？答：非常重要,敲击声只在夜间出现; 呼叫铃会立即打断声音; 护士对敲击声的解释很敷衍; 隔壁床病人从不出病房; 病人床头总放着望远镜; 顶层实际上是废弃的; 通风管道有近期维修记录; 病人曾投诉过‘被监视’; 医生失踪后病人行为反常; 最新敲击声的节奏不同,3,0c266d24
b51942c3,夜半钢琴声,我租住在一栋老旧的公寓里，每晚都能听到楼上传来的钢琴声。虽然有些扰人，但时间久了反而成了我的催眠曲。某天房东告诉我楼上的住户搬走了，钢琴声却依然准时响起。我向房东反应，他却笑着说“这栋楼根本没有钢琴”，而此刻没有钢琴声的夜晚，我反而失眠了…,我其实一直知道楼上住着个用钢琴声掩盖杀人动静的连环杀手，那规律的声音恰好掩盖了受害者挣扎的响动。当房东说楼上没人时，我意识到杀手转移了——于是我在深夜带着榔头敲开了房东的房门，逼他承认自己就是那个杀手。现在他每天被迫在相同时间弹奏我准备的电子琴，透过地板传来的熟悉旋律，我终于又能睡着了。（原钢琴声是凶手作案时用来掩盖声音的伪装）,问题1:钢琴声是否真实存在？:不是; 问题2:房东是否知道声音来源？:是; 问题3:前任楼上住户是否还活着？:不是; 问题4:电子琴是后来才出现的吗？:是; 问题5:我是否参与过犯罪行为？:是,弹奏时间永远固定在凌晨1:17; 琴声总会在23分钟后突然停止; 房东总在琴声停止后下楼倒垃圾; 我曾经在楼梯间闻到消毒水味; 电子琴插头连着房东房间的插座; 我床底藏着带血的榔头; 房东右手总戴着不合时宜的手套; 公寓公告板贴满失踪宠物启事; 电子琴谱架上放着我的字迹; 琴凳下有暗红色污渍,3,0c266d24
235e1a18,车后座,我买了一辆二手车，开车时总觉得后座有怪声。卖家说这是老车的通病，我也就习惯了。后来我认识了新女友，怪声突然消失了，但这种安静反而让我心神不宁。直到有一天，我在后备箱发现了一部旧手机...,前任车主一直躲在后备箱监视我，发出声响的手机是他故意留下的。被人监视让我感到安全，所以我从未揭穿。但当他有了新目标离开后，那种安静让我崩溃。最后我把他锁在了后备箱，听着熟悉的敲击声，终于能安心驾驶了。,问题1: 车是二手买的吗？: 是; 问题2: 卖家认识前任车主吗？: 是; 问题3: 后座声音是人为制造的吗？: 是; 问题4: 发现手机时它还在响吗？: 不是; 问题5: 主角精神状态正常吗？: 不是,车价比市场价低很多; 后座经常有规律性震动; 空调出风口有陌生人的气味; 行车记录仪偶尔会莫名启动; 后备箱锁有被撬过的痕迹; 前任车主是汽修工人; 主角有严重的失眠症; 方向盘下方发现窃听器; 女友说车里有监控摄像头; 备胎舱有生活用品,3,0c266d24
f20be7e1,记号之门,"刚搬进新公寓的我发现门边有一个被擦掉的""X""痕迹。当晚我被隔壁婴儿哭声吵得失眠，次日发现门上出现了""O""。第三天夜里我听到隔壁传来锯子声，透过猫眼看到邻居提着染血的斧头在走廊徘徊......","这个社区连续发生独居女性失踪案，凶手用""X""标记空置房屋，用""O""标记有女性独居的目标。我搬来时误擦了前租客留下的""X""，被婴儿哭声吸引注意的邻居确认我是女性独居后改成""O""，那晚的锯子声是他在处理上一个受害者的尸体。",门上记号重要吗？:是; 邻居是正常人吗？:不是; 婴儿哭声是真的吗？:不是; 前租客还活着吗？:不是; 斧头上有血迹吗？:是,新搬来的住户; 被擦掉的X记号; 深夜婴儿哭声; 记号变成O; 奇怪的锯子声; 染血的斧头; 独居女性; 前租客遗留物品; 社区失踪案传闻; 邻居反常的作息,3,eefd6a4f
6be24cef,消失的室友,"合租室友问我另一个室友去哪了？我坚称一直只有我们两个人合租。可随后他拿出了一张三人合照，照片里那个""不存在的人""正搂着我们肩膀...",我们三人本是流浪孤儿，被一个自称房东的男人收留。后来发现他专门诱拐孤儿进行非法器官买卖。为了保护我们，我在他准备动手当晚用水果刀刺死了他，并将尸体砌进浴室墙内。我们重新布置了房间，并约定永远忘记第三个人。直到大扫除时凿开那面墙...,"问题1:照片是最近拍的吗？:不是; 问题2:合照背景是在现在住的房子里吗？:是; 问题3:""不存在的人""对我们有恶意吗？:最初没有; 问题4:墙最近被破坏过吗？:是; 问题5:我们现在的身份是合法的吗？:不是",浴室有面墙的瓷砖颜色比其他地方新; 房子里备有大量空气清新剂; 我总坚持由我来打扫浴室; 租房合同上只登记了两个人; 储物间放着未使用的砌墙工具; 衣柜深处藏着一套染血的工作服; 邻居曾投诉过某晚听到激烈争吵; 社区登记显示这里住着三户人家; 我的手机里有删除的救护车通话记录; 室友最近开始做关于砌墙的噩梦,2,23872de5
0ceab46f,送餐惊魂,我带着外卖走进电梯准备送餐到28楼，随着电梯的上升，我知道，这单外卖永远送不到了。,28楼住户点了外卖后在家中被人杀害，凶手为制造完美不在场证明，故意用死者指纹解锁手机确认送达。当外卖员乘电梯时，电梯因死者生前最后一次操作自动升至28楼，凶手正在清理现场时听见电梯声音，发现外卖员后将其灭口。,问题1:死者是点外卖的人吗？:是; 问题2:凶手知道电梯会来吗？:不是; 问题3:电梯自动运行与死者有关吗？:是; 问题4:外卖员看到凶手行凶过程了吗？:不是; 问题5:关键在于手机操作吗？:是,线索1:死者手机最后一次操作与电梯有关; 线索2:28楼按钮在死者生前被按下; 线索3:凶手需要制造不在场证明; 线索4:外卖订单显示已完成状态; 线索5:电梯监控拍到自动运行画面; 线索6:死者家中发现两份外卖; 线索7:凶手清理现场时戴着死者手套; 线索8:电梯门开后传出两声惊呼; 线索9:凶手以为28楼只有自己一个人; 线索10:外卖员手机显示28楼信号消失,3,c9708250
